scenario_id,seed_start,seed_end,n_seeds,component
S1A-0001,151019001,151019100,100,1A
S1A-0002,151019001,151019100,100,1A
S1A-0003,151019001,151019100,100,1A
S1A-0004,48822001,48822100,100,1A
S1A-0005,48822001,48822100,100,1A
S1A-0006,48822001,48822100,100,1A
S1A-0007,405337001,405337100,100,1A
S1A-0008,405337001,405337100,100,1A
S1A-0009,405337001,405337100,100,1A
S1A-0010,139257001,139257100,100,1A
S1A-0011,139257001,139257100,100,1A
S1A-0012,139257001,139257100,100,1A
S1A-0013,636125001,636125100,100,1A
S1A-0014,636125001,636125100,100,1A
S1A-0015,636125001,636125100,100,1A
S1A-0016,323418001,323418100,100,1A
S1A-0017,323418001,323418100,100,1A
S1A-0018,323418001,323418100,100,1A
S1A-0019,174171001,174171100,100,1A
S1A-0020,174171001,174171100,100,1A
S1A-0021,174171001,174171100,100,1A
S1A-0022,599978001,599978100,100,1A
S1A-0023,599978001,599978100,100,1A
S1A-0024,599978001,599978100,100,1A
S1A-0025,168451001,168451100,100,1A
S1A-0026,168451001,168451100,100,1A
S1A-0027,168451001,168451100,100,1A
S1A-0028,925762001,925762100,100,1A
S1A-0029,925762001,925762100,100,1A
S1A-0030,925762001,925762100,100,1A
S1A-0031,644552001,644552100,100,1A
S1A-0032,644552001,644552100,100,1A
S1A-0033,644552001,644552100,100,1A
S1A-0034,862107001,862107100,100,1A
S1A-0035,862107001,862107100,100,1A
S1A-0036,862107001,862107100,100,1A
S1A-0037,813325001,813325100,100,1A
S1A-0038,813325001,813325100,100,1A
S1A-0039,813325001,813325100,100,1A
S1A-0040,324643001,324643100,100,1A
S1A-0041,324643001,324643100,100,1A
S1A-0042,324643001,324643100,100,1A
S1A-0043,681749001,681749100,100,1A
S1A-0044,681749001,681749100,100,1A
S1A-0045,681749001,681749100,100,1A
S1A-0046,659087001,659087100,100,1A
S1A-0047,659087001,659087100,100,1A
S1A-0048,659087001,659087100,100,1A
S1A-0049,201622001,201622100,100,1A
S1A-0050,201622001,201622100,100,1A
S1A-0051,201622001,201622100,100,1A
S1A-0052,192574001,192574100,100,1A
S1A-0053,192574001,192574100,100,1A
S1A-0054,192574001,192574100,100,1A
S1A-0055,472481001,472481100,100,1A
S1A-0056,472481001,472481100,100,1A
S1A-0057,472481001,472481100,100,1A
S1A-0058,479271001,479271100,100,1A
S1A-0059,479271001,479271100,100,1A
S1A-0060,479271001,479271100,100,1A
S1A-0061,714703001,714703100,100,1A
S1A-0062,714703001,714703100,100,1A
S1A-0063,714703001,714703100,100,1A
S1A-0064,630974001,630974100,100,1A
S1A-0065,630974001,630974100,100,1A
S1A-0066,630974001,630974100,100,1A
S1A-0067,735067001,735067100,100,1A
S1A-0068,735067001,735067100,100,1A
S1A-0069,735067001,735067100,100,1A
S1A-0070,440821001,440821100,100,1A
S1A-0071,440821001,440821100,100,1A
S1A-0072,440821001,440821100,100,1A
S1A-0073,149862001,149862100,100,1A
S1A-0074,149862001,149862100,100,1A
S1A-0075,149862001,149862100,100,1A
S1A-0076,972543001,972543100,100,1A
S1A-0077,972543001,972543100,100,1A
S1A-0078,972543001,972543100,100,1A
S1A-0079,285010001,285010100,100,1A
S1A-0080,285010001,285010100,100,1A
S1A-0081,285010001,285010100,100,1A
S1A-0082,570096001,570096100,100,1A
S1A-0083,570096001,570096100,100,1A
S1A-0084,570096001,570096100,100,1A
S1A-0085,238764001,238764100,100,1A
S1A-0086,238764001,238764100,100,1A
S1A-0087,238764001,238764100,100,1A
S1A-0088,962775001,962775100,100,1A
S1A-0089,962775001,962775100,100,1A
S1A-0090,962775001,962775100,100,1A
S1A-0091,305529001,305529100,100,1A
S1A-0092,305529001,305529100,100,1A
S1A-0093,305529001,305529100,100,1A
S1A-0094,252873001,252873100,100,1A
S1A-0095,252873001,252873100,100,1A
S1A-0096,252873001,252873100,100,1A
S1C-0001,735617001,735617050,50,1C_exact
S1C-0003,109339001,109339050,50,1C_exact
S1C-0005,656678001,656678050,50,1C_exact
S1C-0007,686182001,686182050,50,1C_exact
S1C-0009,448332001,448332050,50,1C_exact
S1C-0011,729284001,729284050,50,1C_exact
S1C-0013,735617001,735617050,50,1C_exact
S1C-0015,109339001,109339050,50,1C_exact
S1C-0017,656678001,656678050,50,1C_exact
S1C-0019,686182001,686182050,50,1C_exact
S1C-0021,448332001,448332050,50,1C_exact
S1C-0023,729284001,729284050,50,1C_exact
S1C-0025,735617001,735617050,50,1C_exact
S1C-0027,109339001,109339050,50,1C_exact
S1C-0029,656678001,656678050,50,1C_exact
S1C-0031,686182001,686182050,50,1C_exact
S1C-0033,448332001,448332050,50,1C_exact
S1C-0035,729284001,729284050,50,1C_exact
S1C-0037,735617001,735617050,50,1C_exact
S1C-0039,109339001,109339050,50,1C_exact
S1C-0041,656678001,656678050,50,1C_exact
S1C-0043,686182001,686182050,50,1C_exact
S1C-0045,448332001,448332050,50,1C_exact
S1C-0047,729284001,729284050,50,1C_exact
S1C-0001,735617001,735617050,50,1C_finite
S1C-0002,735617001,735617050,50,1C_finite
S1C-0003,109339001,109339050,50,1C_finite
S1C-0004,109339001,109339050,50,1C_finite
S1C-0005,656678001,656678050,50,1C_finite
S1C-0006,656678001,656678050,50,1C_finite
S1C-0007,686182001,686182050,50,1C_finite
S1C-0008,686182001,686182050,50,1C_finite
S1C-0009,448332001,448332050,50,1C_finite
S1C-0010,448332001,448332050,50,1C_finite
S1C-0011,729284001,729284050,50,1C_finite
S1C-0012,729284001,729284050,50,1C_finite
S1C-0013,735617001,735617050,50,1C_finite
S1C-0014,735617001,735617050,50,1C_finite
S1C-0015,109339001,109339050,50,1C_finite
S1C-0016,109339001,109339050,50,1C_finite
S1C-0017,656678001,656678050,50,1C_finite
S1C-0018,656678001,656678050,50,1C_finite
S1C-0019,686182001,686182050,50,1C_finite
S1C-0020,686182001,686182050,50,1C_finite
S1C-0021,448332001,448332050,50,1C_finite
S1C-0022,448332001,448332050,50,1C_finite
S1C-0023,729284001,729284050,50,1C_finite
S1C-0024,729284001,729284050,50,1C_finite
S1C-0025,735617001,735617050,50,1C_finite
S1C-0026,735617001,735617050,50,1C_finite
S1C-0027,109339001,109339050,50,1C_finite
S1C-0028,109339001,109339050,50,1C_finite
S1C-0029,656678001,656678050,50,1C_finite
S1C-0030,656678001,656678050,50,1C_finite
S1C-0031,686182001,686182050,50,1C_finite
S1C-0032,686182001,686182050,50,1C_finite
S1C-0033,448332001,448332050,50,1C_finite
S1C-0034,448332001,448332050,50,1C_finite
S1C-0035,729284001,729284050,50,1C_finite
S1C-0036,729284001,729284050,50,1C_finite
S1C-0037,735617001,735617050,50,1C_finite
S1C-0038,735617001,735617050,50,1C_finite
S1C-0039,109339001,109339050,50,1C_finite
S1C-0040,109339001,109339050,50,1C_finite
S1C-0041,656678001,656678050,50,1C_finite
S1C-0042,656678001,656678050,50,1C_finite
S1C-0043,686182001,686182050,50,1C_finite
S1C-0044,686182001,686182050,50,1C_finite
S1C-0045,448332001,448332050,50,1C_finite
S1C-0046,448332001,448332050,50,1C_finite
S1C-0047,729284001,729284050,50,1C_finite
S1C-0048,729284001,729284050,50,1C_finite
S1B-0001,149962001,149962050,50,1B
S1B-0002,149962001,149962050,50,1B
S1B-0003,149962001,149962050,50,1B
S1B-0004,149962001,149962050,50,1B
S1B-0005,149962001,149962050,50,1B
S1B-0006,149962001,149962050,50,1B
S1B-0007,601924001,601924050,50,1B
S1B-0008,601924001,601924050,50,1B
S1B-0009,601924001,601924050,50,1B
S1B-0010,601924001,601924050,50,1B
S1B-0011,601924001,601924050,50,1B
S1B-0012,601924001,601924050,50,1B
S1B-0013,285110001,285110050,50,1B
S1B-0014,285110001,285110050,50,1B
S1B-0015,285110001,285110050,50,1B
S1B-0016,285110001,285110050,50,1B
S1B-0017,285110001,285110050,50,1B
S1B-0018,285110001,285110050,50,1B
S1B-0019,710473001,710473050,50,1B
S1B-0020,710473001,710473050,50,1B
S1B-0021,710473001,710473050,50,1B
S1B-0022,710473001,710473050,50,1B
S1B-0023,710473001,710473050,50,1B
S1B-0024,710473001,710473050,50,1B
S1B-0025,238864001,238864050,50,1B
S1B-0026,238864001,238864050,50,1B
S1B-0027,238864001,238864050,50,1B
S1B-0028,238864001,238864050,50,1B
S1B-0029,238864001,238864050,50,1B
S1B-0030,238864001,238864050,50,1B
S1B-0031,593606001,593606050,50,1B
S1B-0032,593606001,593606050,50,1B
S1B-0033,593606001,593606050,50,1B
S1B-0034,593606001,593606050,50,1B
S1B-0035,593606001,593606050,50,1B
S1B-0036,593606001,593606050,50,1B
S1B-0037,305629001,305629050,50,1B
S1B-0038,305629001,305629050,50,1B
S1B-0039,305629001,305629050,50,1B
S1B-0040,305629001,305629050,50,1B
S1B-0041,305629001,305629050,50,1B
S1B-0042,305629001,305629050,50,1B
S1B-0043,813917001,813917050,50,1B
S1B-0044,813917001,813917050,50,1B
S1B-0045,813917001,813917050,50,1B
S1B-0046,813917001,813917050,50,1B
S1B-0047,813917001,813917050,50,1B
S1B-0048,813917001,813917050,50,1B
S1B-0049,911739001,911739050,50,1B
S1B-0050,911739001,911739050,50,1B
S1B-0051,911739001,911739050,50,1B
S1B-0052,911739001,911739050,50,1B
S1B-0053,911739001,911739050,50,1B
S1B-0054,911739001,911739050,50,1B
S1B-0055,661248001,661248050,50,1B
S1B-0056,661248001,661248050,50,1B
S1B-0057,661248001,661248050,50,1B
S1B-0058,661248001,661248050,50,1B
S1B-0059,661248001,661248050,50,1B
S1B-0060,661248001,661248050,50,1B
S1B-0061,736479001,736479050,50,1B
S1B-0062,736479001,736479050,50,1B
S1B-0063,736479001,736479050,50,1B
S1B-0064,736479001,736479050,50,1B
S1B-0065,736479001,736479050,50,1B
S1B-0066,736479001,736479050,50,1B
S1B-0067,1952001,1952050,50,1B
S1B-0068,1952001,1952050,50,1B
S1B-0069,1952001,1952050,50,1B
S1B-0070,1952001,1952050,50,1B
S1B-0071,1952001,1952050,50,1B
S1B-0072,1952001,1952050,50,1B
S1B-0073,902898001,902898050,50,1B
S1B-0074,902898001,902898050,50,1B
S1B-0075,902898001,902898050,50,1B
S1B-0076,902898001,902898050,50,1B
S1B-0077,902898001,902898050,50,1B
S1B-0078,902898001,902898050,50,1B
S1B-0079,669509001,669509050,50,1B
S1B-0080,669509001,669509050,50,1B
S1B-0081,669509001,669509050,50,1B
S1B-0082,669509001,669509050,50,1B
S1B-0083,669509001,669509050,50,1B
S1B-0084,669509001,669509050,50,1B
S1B-0085,359072001,359072050,50,1B
S1B-0086,359072001,359072050,50,1B
S1B-0087,359072001,359072050,50,1B
S1B-0088,359072001,359072050,50,1B
S1B-0089,359072001,359072050,50,1B
S1B-0090,359072001,359072050,50,1B
S1B-0091,723990001,723990050,50,1B
S1B-0092,723990001,723990050,50,1B
S1B-0093,723990001,723990050,50,1B
S1B-0094,723990001,723990050,50,1B
S1B-0095,723990001,723990050,50,1B
S1B-0096,723990001,723990050,50,1B
S1B-0097,776791001,776791050,50,1B
S1B-0098,776791001,776791050,50,1B
S1B-0099,776791001,776791050,50,1B
S1B-0100,776791001,776791050,50,1B
S1B-0101,776791001,776791050,50,1B
S1B-0102,776791001,776791050,50,1B
S1B-0103,902552001,902552050,50,1B
S1B-0104,902552001,902552050,50,1B
S1B-0105,902552001,902552050,50,1B
S1B-0106,902552001,902552050,50,1B
S1B-0107,902552001,902552050,50,1B
S1B-0108,902552001,902552050,50,1B
S1B-0109,424480001,424480050,50,1B
S1B-0110,424480001,424480050,50,1B
S1B-0111,424480001,424480050,50,1B
S1B-0112,424480001,424480050,50,1B
S1B-0113,424480001,424480050,50,1B
S1B-0114,424480001,424480050,50,1B
S1B-0115,634350001,634350050,50,1B
S1B-0116,634350001,634350050,50,1B
S1B-0117,634350001,634350050,50,1B
S1B-0118,634350001,634350050,50,1B
S1B-0119,634350001,634350050,50,1B
S1B-0120,634350001,634350050,50,1B
S1B-0121,632079001,632079050,50,1B
S1B-0122,632079001,632079050,50,1B
S1B-0123,632079001,632079050,50,1B
S1B-0124,632079001,632079050,50,1B
S1B-0125,632079001,632079050,50,1B
S1B-0126,632079001,632079050,50,1B
S1B-0127,321541001,321541050,50,1B
S1B-0128,321541001,321541050,50,1B
S1B-0129,321541001,321541050,50,1B
S1B-0130,321541001,321541050,50,1B
S1B-0131,321541001,321541050,50,1B
S1B-0132,321541001,321541050,50,1B
S1B-0133,870563001,870563050,50,1B
S1B-0134,870563001,870563050,50,1B
S1B-0135,870563001,870563050,50,1B
S1B-0136,870563001,870563050,50,1B
S1B-0137,870563001,870563050,50,1B
S1B-0138,870563001,870563050,50,1B
S1B-0139,244269001,244269050,50,1B
S1B-0140,244269001,244269050,50,1B
S1B-0141,244269001,244269050,50,1B
S1B-0142,244269001,244269050,50,1B
S1B-0143,244269001,244269050,50,1B
S1B-0144,244269001,244269050,50,1B
S1B-0145,981990001,981990050,50,1B
S1B-0146,981990001,981990050,50,1B
S1B-0147,981990001,981990050,50,1B
S1B-0148,981990001,981990050,50,1B
S1B-0149,981990001,981990050,50,1B
S1B-0150,981990001,981990050,50,1B
S1B-0151,656746001,656746050,50,1B
S1B-0152,656746001,656746050,50,1B
S1B-0153,656746001,656746050,50,1B
S1B-0154,656746001,656746050,50,1B
S1B-0155,656746001,656746050,50,1B
S1B-0156,656746001,656746050,50,1B
S1B-0157,122085001,122085050,50,1B
S1B-0158,122085001,122085050,50,1B
S1B-0159,122085001,122085050,50,1B
S1B-0160,122085001,122085050,50,1B
S1B-0161,122085001,122085050,50,1B
S1B-0162,122085001,122085050,50,1B
S1B-0163,246333001,246333050,50,1B
S1B-0164,246333001,246333050,50,1B
S1B-0165,246333001,246333050,50,1B
S1B-0166,246333001,246333050,50,1B
S1B-0167,246333001,246333050,50,1B
S1B-0168,246333001,246333050,50,1B
S1B-0169,969105001,969105050,50,1B
S1B-0170,969105001,969105050,50,1B
S1B-0171,969105001,969105050,50,1B
S1B-0172,969105001,969105050,50,1B
S1B-0173,969105001,969105050,50,1B
S1B-0174,969105001,969105050,50,1B
S1B-0175,353340001,353340050,50,1B
S1B-0176,353340001,353340050,50,1B
S1B-0177,353340001,353340050,50,1B
S1B-0178,353340001,353340050,50,1B
S1B-0179,353340001,353340050,50,1B
S1B-0180,353340001,353340050,50,1B
S1B-0181,525074001,525074050,50,1B
S1B-0182,525074001,525074050,50,1B
S1B-0183,525074001,525074050,50,1B
S1B-0184,525074001,525074050,50,1B
S1B-0185,525074001,525074050,50,1B
S1B-0186,525074001,525074050,50,1B
S1B-0187,995419001,995419050,50,1B
S1B-0188,995419001,995419050,50,1B
S1B-0189,995419001,995419050,50,1B
S1B-0190,995419001,995419050,50,1B
S1B-0191,995419001,995419050,50,1B
S1B-0192,995419001,995419050,50,1B
S1B-0193,507199001,507199050,50,1B
S1B-0194,507199001,507199050,50,1B
S1B-0195,507199001,507199050,50,1B
S1B-0196,507199001,507199050,50,1B
S1B-0197,507199001,507199050,50,1B
S1B-0198,507199001,507199050,50,1B
S1B-0199,994078001,994078050,50,1B
S1B-0200,994078001,994078050,50,1B
S1B-0201,994078001,994078050,50,1B
S1B-0202,994078001,994078050,50,1B
S1B-0203,994078001,994078050,50,1B
S1B-0204,994078001,994078050,50,1B
S1B-0205,703259001,703259050,50,1B
S1B-0206,703259001,703259050,50,1B
S1B-0207,703259001,703259050,50,1B
S1B-0208,703259001,703259050,50,1B
S1B-0209,703259001,703259050,50,1B
S1B-0210,703259001,703259050,50,1B
S1B-0211,435938001,435938050,50,1B
S1B-0212,435938001,435938050,50,1B
S1B-0213,435938001,435938050,50,1B
S1B-0214,435938001,435938050,50,1B
S1B-0215,435938001,435938050,50,1B
S1B-0216,435938001,435938050,50,1B
S1B-0217,775438001,775438050,50,1B
S1B-0218,775438001,775438050,50,1B
S1B-0219,775438001,775438050,50,1B
S1B-0220,775438001,775438050,50,1B
S1B-0221,775438001,775438050,50,1B
S1B-0222,775438001,775438050,50,1B
S1B-0223,502131001,502131050,50,1B
S1B-0224,502131001,502131050,50,1B
S1B-0225,502131001,502131050,50,1B
S1B-0226,502131001,502131050,50,1B
S1B-0227,502131001,502131050,50,1B
S1B-0228,502131001,502131050,50,1B
S1B-0229,229121001,229121050,50,1B
S1B-0230,229121001,229121050,50,1B
S1B-0231,229121001,229121050,50,1B
S1B-0232,229121001,229121050,50,1B
S1B-0233,229121001,229121050,50,1B
S1B-0234,229121001,229121050,50,1B
S1B-0235,857425001,857425050,50,1B
S1B-0236,857425001,857425050,50,1B
S1B-0237,857425001,857425050,50,1B
S1B-0238,857425001,857425050,50,1B
S1B-0239,857425001,857425050,50,1B
S1B-0240,857425001,857425050,50,1B
S1B-0241,463931001,463931050,50,1B
S1B-0242,463931001,463931050,50,1B
S1B-0243,463931001,463931050,50,1B
S1B-0244,463931001,463931050,50,1B
S1B-0245,463931001,463931050,50,1B
S1B-0246,463931001,463931050,50,1B
S1B-0247,675651001,675651050,50,1B
S1B-0248,675651001,675651050,50,1B
S1B-0249,675651001,675651050,50,1B
S1B-0250,675651001,675651050,50,1B
S1B-0251,675651001,675651050,50,1B
S1B-0252,675651001,675651050,50,1B
S1B-0253,529452001,529452050,50,1B
S1B-0254,529452001,529452050,50,1B
S1B-0255,529452001,529452050,50,1B
S1B-0256,529452001,529452050,50,1B
S1B-0257,529452001,529452050,50,1B
S1B-0258,529452001,529452050,50,1B
S1B-0259,354966001,354966050,50,1B
S1B-0260,354966001,354966050,50,1B
S1B-0261,354966001,354966050,50,1B
S1B-0262,354966001,354966050,50,1B
S1B-0263,354966001,354966050,50,1B
S1B-0264,354966001,354966050,50,1B
S1B-0265,757720001,757720050,50,1B
S1B-0266,757720001,757720050,50,1B
S1B-0267,757720001,757720050,50,1B
S1B-0268,757720001,757720050,50,1B
S1B-0269,757720001,757720050,50,1B
S1B-0270,757720001,757720050,50,1B
S1B-0271,619224001,619224050,50,1B
S1B-0272,619224001,619224050,50,1B
S1B-0273,619224001,619224050,50,1B
S1B-0274,619224001,619224050,50,1B
S1B-0275,619224001,619224050,50,1B
S1B-0276,619224001,619224050,50,1B
S1B-0277,65646001,65646050,50,1B
S1B-0278,65646001,65646050,50,1B
S1B-0279,65646001,65646050,50,1B
S1B-0280,65646001,65646050,50,1B
S1B-0281,65646001,65646050,50,1B
S1B-0282,65646001,65646050,50,1B
S1B-0283,670224001,670224050,50,1B
S1B-0284,670224001,670224050,50,1B
S1B-0285,670224001,670224050,50,1B
S1B-0286,670224001,670224050,50,1B
S1B-0287,670224001,670224050,50,1B
S1B-0288,670224001,670224050,50,1B
