encoder,learner,metric,delta_eta,mean_rep,ci_low_rep,ci_high_rep,mcse_rep,mean_short,ci_low_short,ci_high_short,mcse_short,mean_theoretical_gap,mean_abs_identity_error,scenario_group,n_scenarios,n_rows,M,target_mechanism,mean_roc_auc,n_train
count_pop,bayes_z_oracle,brier,0.0,0.011343514960901984,0.010812435461353383,0.011874594460450584,0.00027095892834112274,0.0,0.0,0.0,0.0,0.011343514960902103,1.3146666237194224e-16,1A,32,3200,,,,
count_pop,bayes_z_oracle,brier,0.1,0.012385181627568654,0.01182698061991921,0.012943382635218097,0.0002847964324742052,0.0,0.0,0.0,0.0,0.012385181627568768,1.3176214134526243e-16,1A,32,3200,,,,
count_pop,bayes_z_oracle,brier,0.3,0.020718514960901987,0.019912750940270115,0.02152427898153386,0.0004111040921591177,0.0,0.0,0.0,0.0,0.020718514960902105,1.3272911415784794e-16,1A,32,3200,,,,
count_pop,bayes_z_oracle,logloss,0.0,0.02358339297195406,0.022470107636192182,0.02469667830771594,0.0005680027223274891,0.0,0.0,0.0,0.0,0.023583392971954376,3.5751592712245574e-16,1A,32,3200,,,,
count_pop,bayes_z_oracle,logloss,0.1,0.025903573047343125,0.02472489441824908,0.027082251676437172,0.0006013666474969621,0.0,0.0,0.0,0.0,0.02590357304734344,3.5796896000070403e-16,1A,32,3200,,,,
count_pop,bayes_z_oracle,logloss,0.3,0.04504543130771951,0.04326046514727509,0.046830397468163934,0.0009106970206349092,0.0,0.0,0.0,0.0,0.045045431307719826,3.5651677506595707e-16,1A,32,3200,,,,
designed_merge,bayes_z_oracle,brier,0.0,-1.7954387976359952e-18,-2.5621962428369096e-18,-1.0286813524350808e-18,3.9120277816373186e-19,0.0,0.0,0.0,0.0,1.241902528760865e-33,1.3192572034803619e-17,1A,32,3200,,,,
designed_merge,bayes_z_oracle,brier,0.1,0.002034105900902215,0.0020226113860980026,0.002045600415706427,5.864548369495973e-06,0.0,0.0,0.0,0.0,0.002034105900902225,1.849289764290635e-17,1A,32,3200,,,,
designed_merge,bayes_z_oracle,brier,0.3,0.018306953108120246,0.01820350247488234,0.01841040374135815,5.2780935325461545e-05,0.0,0.0,0.0,0.0,0.018306953108120264,3.182783897548447e-17,1A,32,3200,,,,
designed_merge,bayes_z_oracle,logloss,0.0,-5.898059818321144e-18,-8.368085364607057e-18,-3.4280342720352313e-18,1.2602171154519964e-18,0.0,0.0,0.0,0.0,2.97124899863975e-18,4.314007377709875e-17,1A,32,3200,,,,
designed_merge,bayes_z_oracle,logloss,0.1,0.004502761270367841,0.004473853138072751,0.004531669402662931,1.4749047089331804e-05,0.0,0.0,0.0,0.0,0.004502761270367845,6.297940684588111e-17,1A,32,3200,,,,
designed_merge,bayes_z_oracle,logloss,0.3,0.041692704510602224,0.04141710352682008,0.04196830549438437,0.00014061274682762728,0.0,0.0,0.0,0.0,0.041692704510602224,6.238499300481592e-17,1A,32,3200,,,,
hash_column,bayes_z_oracle,brier,0.0,0.005411270684455099,0.00526582273074737,0.005556718638162828,7.420813964680049e-05,0.0,0.0,0.0,0.0,0.0054112706844550995,2.0935496693874003e-17,1A,32,9600,,,,
hash_column,bayes_z_oracle,brier,0.1,0.005743059901729806,0.005593404203561948,0.005892715599897664,7.635494804482543e-05,0.0,0.0,0.0,0.0,0.005743059901729807,2.0707414522498138e-17,1A,32,9600,,,,
hash_column,bayes_z_oracle,brier,0.3,0.008389210011285397,0.008195344502584977,0.008583075519985817,9.891097382674522e-05,0.0,0.0,0.0,0.0,0.008389210011285399,2.0154797025018283e-17,1A,32,9600,,,,
hash_column,bayes_z_oracle,logloss,0.0,0.011390455798825545,0.011082582925832004,0.011698328671819086,0.00015707799642527618,0.0,0.0,0.0,0.0,0.011390455798825546,7.27212353504261e-17,1A,32,9600,,,,
hash_column,bayes_z_oracle,logloss,0.1,0.012216270846642749,0.011896080756222584,0.012536460937062913,0.00016336229103069614,0.0,0.0,0.0,0.0,0.012216270846642749,7.152162066329898e-17,1A,32,9600,,,,
hash_column,bayes_z_oracle,logloss,0.3,0.019161168795227123,0.018714535337560345,0.0196078022528939,0.0002278742130952957,0.0,0.0,0.0,0.0,0.019161168795227123,6.929348857219836e-17,1A,32,9600,,,,
hash_shared,bayes_z_oracle,brier,0.0,0.016307840428813756,0.016069653856138007,0.016546027001489504,0.00012152376156925951,0.0,0.0,0.0,0.0,0.016307840428813763,2.4387786734561603e-17,1A,32,9600,,,,
hash_shared,bayes_z_oracle,brier,0.1,0.017934676973002897,0.017692595373714662,0.018176758572291132,0.00012351102004501806,0.0,0.0,0.0,0.0,0.01793467697300291,2.5931360285331533e-17,1A,32,9600,,,,
hash_shared,bayes_z_oracle,brier,0.3,0.030833310461837828,0.03055563825515145,0.031110982668524204,0.00014166949320733516,0.0,0.0,0.0,0.0,0.030833310461837835,2.5545158436474093e-17,1A,32,9600,,,,
hash_shared,bayes_z_oracle,logloss,0.0,0.03405516235700739,0.03355000134729189,0.034560323366722885,0.0002577352090385182,0.0,0.0,0.0,0.0,0.03405516235700742,8.533428344915765e-17,1A,32,9600,,,,
hash_shared,bayes_z_oracle,logloss,0.1,0.03772870622084522,0.037209378644795656,0.03824803379689478,0.0002649630490048799,0.0,0.0,0.0,0.0,0.03772870622084524,8.459620717335183e-17,1A,32,9600,,,,
hash_shared,bayes_z_oracle,logloss,0.3,0.06791184428122962,0.06726040010317852,0.06856328845928072,0.0003323694785975048,0.0,0.0,0.0,0.0,0.06791184428122965,8.274829750807659e-17,1A,32,9600,,,,
identity,bayes_z_oracle,brier,0.0,-1.8214596497756474e-19,-4.404912881122498e-19,7.619935815712039e-20,1.3180883833402303e-19,0.0,0.0,0.0,0.0,2.5658373791921303e-34,1.6393136847980826e-18,1A,32,3200,,,,
identity,bayes_z_oracle,brier,0.1,-1.1275702593849246e-19,-3.863656611708537e-19,1.6085160929386876e-19,1.3959624246549042e-19,0.0,0.0,0.0,0.0,2.598040184170277e-34,1.743397093356691e-18,1A,32,3200,,,,
identity,bayes_z_oracle,brier,0.3,-3.903127820947816e-19,-6.80045786340396e-19,-1.0057977784916726e-19,1.4782296134980324e-19,0.0,0.0,0.0,0.0,3.2353200463659526e-34,1.93421667571414e-18,1A,32,3200,,,,
identity,bayes_z_oracle,logloss,0.0,1.0408340855860836e-19,-5.588036887314406e-19,7.669705058486572e-19,3.3820770269900455e-19,0.0,0.0,0.0,0.0,1.5188795599905681e-18,4.887260423520176e-18,1A,32,3200,,,,
identity,bayes_z_oracle,logloss,0.1,3.469446951953617e-20,-6.488144825410026e-19,7.182034215800749e-19,3.487290571737443e-19,0.0,0.0,0.0,0.0,1.7814384979347923e-18,5.299358624339156e-18,1A,32,3200,,,,
identity,bayes_z_oracle,logloss,0.3,1.7347234759768125e-20,-6.429275182139582e-19,6.776219877334944e-19,3.368748739661869e-19,0.0,0.0,0.0,0.0,1.6541900765420515e-18,4.961252976776541e-18,1A,32,3200,,,,
label,bayes_z_oracle,brier,0.0,-1.8214596497756474e-19,-4.404912881122498e-19,7.619935815712039e-20,1.3180883833402303e-19,0.0,0.0,0.0,0.0,2.5658373791921303e-34,1.6393136847980826e-18,1A,32,3200,,,,
label,bayes_z_oracle,brier,0.1,-1.1275702593849246e-19,-3.863656611708537e-19,1.6085160929386876e-19,1.3959624246549042e-19,0.0,0.0,0.0,0.0,2.598040184170277e-34,1.743397093356691e-18,1A,32,3200,,,,
label,bayes_z_oracle,brier,0.3,-3.903127820947816e-19,-6.80045786340396e-19,-1.0057977784916726e-19,1.4782296134980324e-19,0.0,0.0,0.0,0.0,3.2353200463659526e-34,1.93421667571414e-18,1A,32,3200,,,,
label,bayes_z_oracle,logloss,0.0,1.0408340855860836e-19,-5.588036887314406e-19,7.669705058486572e-19,3.3820770269900455e-19,0.0,0.0,0.0,0.0,1.5188795599905681e-18,4.887260423520176e-18,1A,32,3200,,,,
label,bayes_z_oracle,logloss,0.1,3.469446951953617e-20,-6.488144825410026e-19,7.182034215800749e-19,3.487290571737443e-19,0.0,0.0,0.0,0.0,1.7814384979347923e-18,5.299358624339156e-18,1A,32,3200,,,,
label,bayes_z_oracle,logloss,0.3,1.7347234759768125e-20,-6.429275182139582e-19,6.776219877334944e-19,3.368748739661869e-19,0.0,0.0,0.0,0.0,1.6541900765420515e-18,4.961252976776541e-18,1A,32,3200,,,,
onehot,bayes_z_oracle,brier,0.0,-1.8214596497756474e-19,-4.404912881122498e-19,7.619935815712039e-20,1.3180883833402303e-19,0.0,0.0,0.0,0.0,2.5658373791921303e-34,1.6393136847980826e-18,1A,32,3200,,,,
onehot,bayes_z_oracle,brier,0.1,-1.1275702593849246e-19,-3.863656611708537e-19,1.6085160929386876e-19,1.3959624246549042e-19,0.0,0.0,0.0,0.0,2.598040184170277e-34,1.743397093356691e-18,1A,32,3200,,,,
onehot,bayes_z_oracle,brier,0.3,-3.903127820947816e-19,-6.80045786340396e-19,-1.0057977784916726e-19,1.4782296134980324e-19,0.0,0.0,0.0,0.0,3.2353200463659526e-34,1.93421667571414e-18,1A,32,3200,,,,
onehot,bayes_z_oracle,logloss,0.0,1.0408340855860836e-19,-5.588036887314406e-19,7.669705058486572e-19,3.3820770269900455e-19,0.0,0.0,0.0,0.0,1.5188795599905681e-18,4.887260423520176e-18,1A,32,3200,,,,
onehot,bayes_z_oracle,logloss,0.1,3.469446951953617e-20,-6.488144825410026e-19,7.182034215800749e-19,3.487290571737443e-19,0.0,0.0,0.0,0.0,1.7814384979347923e-18,5.299358624339156e-18,1A,32,3200,,,,
onehot,bayes_z_oracle,logloss,0.3,1.7347234759768125e-20,-6.429275182139582e-19,6.776219877334944e-19,3.368748739661869e-19,0.0,0.0,0.0,0.0,1.6541900765420515e-18,4.961252976776541e-18,1A,32,3200,,,,
hash_column,,brier,,,,,,,,,,,,1C_exact,3,450,10.0,hamming_weight,,
hash_column,,brier,,,,,,,,,,,,1C_exact,3,450,10.0,position_specific,,
hash_column,,brier,,,,,,,,,,,,1C_exact,3,450,50.0,hamming_weight,,
hash_column,,brier,,,,,,,,,,,,1C_exact,3,450,50.0,position_specific,,
hash_column,,brier,,,,,,,,,,,,1C_exact,3,450,200.0,hamming_weight,,
hash_column,,brier,,,,,,,,,,,,1C_exact,3,450,200.0,position_specific,,
hash_column,,brier,,,,,,,,,,,,1C_exact,3,450,1000.0,hamming_weight,,
hash_column,,brier,,,,,,,,,,,,1C_exact,3,450,1000.0,position_specific,,
hash_column,,logloss,,,,,,,,,,,,1C_exact,3,450,10.0,hamming_weight,,
hash_column,,logloss,,,,,,,,,,,,1C_exact,3,450,10.0,position_specific,,
hash_column,,logloss,,,,,,,,,,,,1C_exact,3,450,50.0,hamming_weight,,
hash_column,,logloss,,,,,,,,,,,,1C_exact,3,450,50.0,position_specific,,
hash_column,,logloss,,,,,,,,,,,,1C_exact,3,450,200.0,hamming_weight,,
hash_column,,logloss,,,,,,,,,,,,1C_exact,3,450,200.0,position_specific,,
hash_column,,logloss,,,,,,,,,,,,1C_exact,3,450,1000.0,hamming_weight,,
hash_column,,logloss,,,,,,,,,,,,1C_exact,3,450,1000.0,position_specific,,
hash_shared,,brier,,-9.25185853854297e-18,-1.0462113529916328e-17,-8.041603547169614e-18,6.17477036414978e-19,,,,,5.335204854685828e-34,9.25185853854297e-18,1C_exact,3,450,10.0,hamming_weight,,
hash_shared,,brier,,0.04157521237497199,0.03902224618351896,0.04412817856642502,0.0013025337711495063,,,,,0.04157521237497188,1.16706413052133e-16,1C_exact,3,450,10.0,position_specific,,
hash_shared,,brier,,0.0,0.0,0.0,0.0,,,,,1.4849985326750714e-33,1.4849985326750714e-33,1C_exact,3,450,50.0,hamming_weight,,
hash_shared,,brier,,0.044886518604935186,0.04219201093658914,0.04758102627328123,0.0013747488103806357,,,,,0.04488651860493505,1.438143585700639e-16,1C_exact,3,450,50.0,position_specific,,
hash_shared,,brier,,0.0,0.0,0.0,0.0,,,,,6.155916762100479e-34,6.155916762100479e-34,1C_exact,3,450,200.0,hamming_weight,,
hash_shared,,brier,,0.04549286186520637,0.04276651307572373,0.048219210654689,0.0013909942803482821,,,,,0.045492861865206416,7.764622278472188e-17,1C_exact,3,450,200.0,position_specific,,
hash_shared,,brier,,0.0,-2.096223135172487e-18,2.096223135172487e-18,1.0695015995777996e-18,,,,,7.5056919869618145e-34,1.850371707708594e-17,1C_exact,3,450,1000.0,hamming_weight,,
hash_shared,,brier,,0.04565390742851934,0.042918796895298726,0.04838901796173995,0.0013954645577656177,,,,,0.045653907428519526,3.536233805778721e-16,1C_exact,3,450,1000.0,position_specific,,
hash_shared,,logloss,,0.0,0.0,0.0,0.0,,,,,7.832775155680356e-19,7.832775155680356e-19,1C_exact,3,450,10.0,hamming_weight,,
hash_shared,,logloss,,0.0927244525643121,0.08687725119987891,0.09857165392874528,0.002983266002261831,,,,,0.09272445256431183,2.7441012425318453e-16,1C_exact,3,450,10.0,position_specific,,
hash_shared,,logloss,,3.5060484676489414e-33,-8.384892540689944e-18,8.38489254068995e-18,4.278006398311198e-18,,,,,4.361500425119257e-18,7.25517860384007e-17,1C_exact,3,450,50.0,hamming_weight,,
hash_shared,,logloss,,0.09954206044710211,0.09339304859900456,0.10569107229519965,0.003137250942906914,,,,,0.09954206044710175,4.3390060063449217e-16,1C_exact,3,450,50.0,position_specific,,
hash_shared,,logloss,,0.0,0.0,0.0,0.0,,,,,4.0800869347528173e-19,1.2585986805377655e-18,1C_exact,3,450,200.0,hamming_weight,,
hash_shared,,logloss,,0.10076350775146961,0.09455024265441167,0.10697677284852755,0.003170033212784664,,,,,0.10076350775146978,2.568894171458188e-16,1C_exact,3,450,200.0,position_specific,,
hash_shared,,logloss,,0.0,0.0,0.0,0.0,,,,,1.2843313683915459e-18,3.57438866080648e-18,1C_exact,3,450,1000.0,hamming_weight,,
hash_shared,,logloss,,0.1010865167120817,0.09485576171701723,0.10731727170714617,0.0031789566301349296,,,,,0.1010865167120822,1.026840649546538e-15,1C_exact,3,450,1000.0,position_specific,,
count,lightgbm,brier,,,,,,,,,,,,1C_finite,6,300,10.0,hamming_weight,,
count,lightgbm,brier,,,,,,,,,,,,1C_finite,6,300,10.0,position_specific,,
count,lightgbm,brier,,,,,,,,,,,,1C_finite,6,300,50.0,hamming_weight,,
count,lightgbm,brier,,,,,,,,,,,,1C_finite,6,300,50.0,position_specific,,
count,lightgbm,brier,,,,,,,,,,,,1C_finite,6,300,200.0,hamming_weight,,
count,lightgbm,brier,,,,,,,,,,,,1C_finite,6,300,200.0,position_specific,,
count,lightgbm,brier,,,,,,,,,,,,1C_finite,6,300,1000.0,hamming_weight,,
count,lightgbm,brier,,,,,,,,,,,,1C_finite,6,300,1000.0,position_specific,,
count,lightgbm,logloss,,,,,,,,,,,,1C_finite,6,300,10.0,hamming_weight,0.7432761088673506,
count,lightgbm,logloss,,,,,,,,,,,,1C_finite,6,300,10.0,position_specific,0.6890109409275338,
count,lightgbm,logloss,,,,,,,,,,,,1C_finite,6,300,50.0,hamming_weight,0.7220971459138807,
count,lightgbm,logloss,,,,,,,,,,,,1C_finite,6,300,50.0,position_specific,0.6751458150107105,
count,lightgbm,logloss,,,,,,,,,,,,1C_finite,6,300,200.0,hamming_weight,0.6755479270828718,
count,lightgbm,logloss,,,,,,,,,,,,1C_finite,6,300,200.0,position_specific,0.6692086892388429,
count,lightgbm,logloss,,,,,,,,,,,,1C_finite,6,300,1000.0,hamming_weight,0.5956304748506648,
count,lightgbm,logloss,,,,,,,,,,,,1C_finite,6,300,1000.0,position_specific,0.6671440216873027,
count,logistic,brier,,,,,,,,,,,,1C_finite,6,300,10.0,hamming_weight,,
count,logistic,brier,,,,,,,,,,,,1C_finite,6,300,10.0,position_specific,,
count,logistic,brier,,,,,,,,,,,,1C_finite,6,300,50.0,hamming_weight,,
count,logistic,brier,,,,,,,,,,,,1C_finite,6,300,50.0,position_specific,,
count,logistic,brier,,,,,,,,,,,,1C_finite,6,300,200.0,hamming_weight,,
count,logistic,brier,,,,,,,,,,,,1C_finite,6,300,200.0,position_specific,,
count,logistic,brier,,,,,,,,,,,,1C_finite,6,300,1000.0,hamming_weight,,
count,logistic,brier,,,,,,,,,,,,1C_finite,6,300,1000.0,position_specific,,
count,logistic,logloss,,,,,,,,,,,,1C_finite,6,300,10.0,hamming_weight,0.7636611321897401,
count,logistic,logloss,,,,,,,,,,,,1C_finite,6,300,10.0,position_specific,0.6991430841453196,
count,logistic,logloss,,,,,,,,,,,,1C_finite,6,300,50.0,hamming_weight,0.7542687889094082,
count,logistic,logloss,,,,,,,,,,,,1C_finite,6,300,50.0,position_specific,0.6831274880634015,
count,logistic,logloss,,,,,,,,,,,,1C_finite,6,300,200.0,hamming_weight,0.7015437741629171,
count,logistic,logloss,,,,,,,,,,,,1C_finite,6,300,200.0,position_specific,0.6452299307800398,
count,logistic,logloss,,,,,,,,,,,,1C_finite,6,300,1000.0,hamming_weight,0.6395572321888033,
count,logistic,logloss,,,,,,,,,,,,1C_finite,6,300,1000.0,position_specific,0.6004257276013227,
count,mlp,brier,,,,,,,,,,,,1C_finite,6,300,10.0,hamming_weight,,
count,mlp,brier,,,,,,,,,,,,1C_finite,6,300,10.0,position_specific,,
count,mlp,brier,,,,,,,,,,,,1C_finite,6,300,50.0,hamming_weight,,
count,mlp,brier,,,,,,,,,,,,1C_finite,6,300,50.0,position_specific,,
count,mlp,brier,,,,,,,,,,,,1C_finite,6,300,200.0,hamming_weight,,
count,mlp,brier,,,,,,,,,,,,1C_finite,6,300,200.0,position_specific,,
count,mlp,brier,,,,,,,,,,,,1C_finite,6,300,1000.0,hamming_weight,,
count,mlp,brier,,,,,,,,,,,,1C_finite,6,300,1000.0,position_specific,,
count,mlp,logloss,,,,,,,,,,,,1C_finite,6,300,10.0,hamming_weight,0.7509950636495711,
count,mlp,logloss,,,,,,,,,,,,1C_finite,6,300,10.0,position_specific,0.6886846364091387,
count,mlp,logloss,,,,,,,,,,,,1C_finite,6,300,50.0,hamming_weight,0.7140881694952618,
count,mlp,logloss,,,,,,,,,,,,1C_finite,6,300,50.0,position_specific,0.6442036236690485,
count,mlp,logloss,,,,,,,,,,,,1C_finite,6,300,200.0,hamming_weight,0.6578517361525977,
count,mlp,logloss,,,,,,,,,,,,1C_finite,6,300,200.0,position_specific,0.59610006934801,
count,mlp,logloss,,,,,,,,,,,,1C_finite,6,300,1000.0,hamming_weight,0.6017743962898923,
count,mlp,logloss,,,,,,,,,,,,1C_finite,6,300,1000.0,position_specific,0.5596552074936532,
hash_column,lightgbm,brier,,,,,,,,,,,,1C_finite,6,300,10.0,hamming_weight,,
hash_column,lightgbm,brier,,,,,,,,,,,,1C_finite,6,300,10.0,position_specific,,
hash_column,lightgbm,brier,,,,,,,,,,,,1C_finite,6,300,50.0,hamming_weight,,
hash_column,lightgbm,brier,,,,,,,,,,,,1C_finite,6,300,50.0,position_specific,,
hash_column,lightgbm,brier,,,,,,,,,,,,1C_finite,6,300,200.0,hamming_weight,,
hash_column,lightgbm,brier,,,,,,,,,,,,1C_finite,6,300,200.0,position_specific,,
hash_column,lightgbm,brier,,,,,,,,,,,,1C_finite,6,300,1000.0,hamming_weight,,
hash_column,lightgbm,brier,,,,,,,,,,,,1C_finite,6,300,1000.0,position_specific,,
hash_column,lightgbm,logloss,,,,,,,,,,,,1C_finite,6,300,10.0,hamming_weight,0.728935266721891,
hash_column,lightgbm,logloss,,,,,,,,,,,,1C_finite,6,300,10.0,position_specific,0.6559265783276449,
hash_column,lightgbm,logloss,,,,,,,,,,,,1C_finite,6,300,50.0,hamming_weight,0.7041547157276097,
hash_column,lightgbm,logloss,,,,,,,,,,,,1C_finite,6,300,50.0,position_specific,0.6728024102017632,
hash_column,lightgbm,logloss,,,,,,,,,,,,1C_finite,6,300,200.0,hamming_weight,0.6671270054456075,
hash_column,lightgbm,logloss,,,,,,,,,,,,1C_finite,6,300,200.0,position_specific,0.6599366599667777,
hash_column,lightgbm,logloss,,,,,,,,,,,,1C_finite,6,300,1000.0,hamming_weight,0.5924222562486255,
hash_column,lightgbm,logloss,,,,,,,,,,,,1C_finite,6,300,1000.0,position_specific,0.6578618287606239,
hash_column,logistic,brier,,,,,,,,,,,,1C_finite,6,900,10.0,hamming_weight,,
hash_column,logistic,brier,,,,,,,,,,,,1C_finite,6,900,10.0,position_specific,,
hash_column,logistic,brier,,,,,,,,,,,,1C_finite,6,900,50.0,hamming_weight,,
hash_column,logistic,brier,,,,,,,,,,,,1C_finite,6,900,50.0,position_specific,,
hash_column,logistic,brier,,,,,,,,,,,,1C_finite,6,900,200.0,hamming_weight,,
hash_column,logistic,brier,,,,,,,,,,,,1C_finite,6,900,200.0,position_specific,,
hash_column,logistic,brier,,,,,,,,,,,,1C_finite,6,900,1000.0,hamming_weight,,
hash_column,logistic,brier,,,,,,,,,,,,1C_finite,6,900,1000.0,position_specific,,
hash_column,logistic,logloss,,,,,,,,,,,,1C_finite,6,900,10.0,hamming_weight,0.7419802542835348,
hash_column,logistic,logloss,,,,,,,,,,,,1C_finite,6,900,10.0,position_specific,0.6758614829949132,
hash_column,logistic,logloss,,,,,,,,,,,,1C_finite,6,900,50.0,hamming_weight,0.739263635098737,
hash_column,logistic,logloss,,,,,,,,,,,,1C_finite,6,900,50.0,position_specific,0.682735615536199,
hash_column,logistic,logloss,,,,,,,,,,,,1C_finite,6,900,200.0,hamming_weight,0.6991661382987859,
hash_column,logistic,logloss,,,,,,,,,,,,1C_finite,6,900,200.0,position_specific,0.6427750485723277,
hash_column,logistic,logloss,,,,,,,,,,,,1C_finite,6,900,1000.0,hamming_weight,0.6309896910000776,
hash_column,logistic,logloss,,,,,,,,,,,,1C_finite,6,900,1000.0,position_specific,0.5959365956570286,
hash_column,mlp,brier,,,,,,,,,,,,1C_finite,6,300,10.0,hamming_weight,,
hash_column,mlp,brier,,,,,,,,,,,,1C_finite,6,300,10.0,position_specific,,
hash_column,mlp,brier,,,,,,,,,,,,1C_finite,6,300,50.0,hamming_weight,,
hash_column,mlp,brier,,,,,,,,,,,,1C_finite,6,300,50.0,position_specific,,
hash_column,mlp,brier,,,,,,,,,,,,1C_finite,6,300,200.0,hamming_weight,,
hash_column,mlp,brier,,,,,,,,,,,,1C_finite,6,300,200.0,position_specific,,
hash_column,mlp,brier,,,,,,,,,,,,1C_finite,6,300,1000.0,hamming_weight,,
hash_column,mlp,brier,,,,,,,,,,,,1C_finite,6,300,1000.0,position_specific,,
hash_column,mlp,logloss,,,,,,,,,,,,1C_finite,6,300,10.0,hamming_weight,0.7343690889759674,
hash_column,mlp,logloss,,,,,,,,,,,,1C_finite,6,300,10.0,position_specific,0.6572595523392812,
hash_column,mlp,logloss,,,,,,,,,,,,1C_finite,6,300,50.0,hamming_weight,0.6897615677790985,
hash_column,mlp,logloss,,,,,,,,,,,,1C_finite,6,300,50.0,position_specific,0.6499082074689846,
hash_column,mlp,logloss,,,,,,,,,,,,1C_finite,6,300,200.0,hamming_weight,0.6482322906675049,
hash_column,mlp,logloss,,,,,,,,,,,,1C_finite,6,300,200.0,position_specific,0.6019232359275729,
hash_column,mlp,logloss,,,,,,,,,,,,1C_finite,6,300,1000.0,hamming_weight,0.5994614009656015,
hash_column,mlp,logloss,,,,,,,,,,,,1C_finite,6,300,1000.0,position_specific,0.5667024173607719,
hash_shared,lightgbm,brier,,,,,,,,,,,,1C_finite,6,300,10.0,hamming_weight,,
hash_shared,lightgbm,brier,,,,,,,,,,,,1C_finite,6,300,10.0,position_specific,,
hash_shared,lightgbm,brier,,,,,,,,,,,,1C_finite,6,300,50.0,hamming_weight,,
hash_shared,lightgbm,brier,,,,,,,,,,,,1C_finite,6,300,50.0,position_specific,,
hash_shared,lightgbm,brier,,,,,,,,,,,,1C_finite,6,300,200.0,hamming_weight,,
hash_shared,lightgbm,brier,,,,,,,,,,,,1C_finite,6,300,200.0,position_specific,,
hash_shared,lightgbm,brier,,,,,,,,,,,,1C_finite,6,300,1000.0,hamming_weight,,
hash_shared,lightgbm,brier,,,,,,,,,,,,1C_finite,6,300,1000.0,position_specific,,
hash_shared,lightgbm,logloss,,,,,,,,,,,,1C_finite,6,300,10.0,hamming_weight,0.7660623922240103,
hash_shared,lightgbm,logloss,,,,,,,,,,,,1C_finite,6,300,10.0,position_specific,0.5487558576161755,
hash_shared,lightgbm,logloss,,,,,,,,,,,,1C_finite,6,300,50.0,hamming_weight,0.7758732234104223,
hash_shared,lightgbm,logloss,,,,,,,,,,,,1C_finite,6,300,50.0,position_specific,0.514610269969088,
hash_shared,lightgbm,logloss,,,,,,,,,,,,1C_finite,6,300,200.0,hamming_weight,0.7734649995873398,
hash_shared,lightgbm,logloss,,,,,,,,,,,,1C_finite,6,300,200.0,position_specific,0.5031531381788538,
hash_shared,lightgbm,logloss,,,,,,,,,,,,1C_finite,6,300,1000.0,hamming_weight,0.7671285183185075,
hash_shared,lightgbm,logloss,,,,,,,,,,,,1C_finite,6,300,1000.0,position_specific,0.5004355914840841,
hash_shared,logistic,brier,,,,,,,,,,,,1C_finite,6,900,10.0,hamming_weight,,
hash_shared,logistic,brier,,,,,,,,,,,,1C_finite,6,900,10.0,position_specific,,
hash_shared,logistic,brier,,,,,,,,,,,,1C_finite,6,900,50.0,hamming_weight,,
hash_shared,logistic,brier,,,,,,,,,,,,1C_finite,6,900,50.0,position_specific,,
hash_shared,logistic,brier,,,,,,,,,,,,1C_finite,6,900,200.0,hamming_weight,,
hash_shared,logistic,brier,,,,,,,,,,,,1C_finite,6,900,200.0,position_specific,,
hash_shared,logistic,brier,,,,,,,,,,,,1C_finite,6,900,1000.0,hamming_weight,,
hash_shared,logistic,brier,,,,,,,,,,,,1C_finite,6,900,1000.0,position_specific,,
hash_shared,logistic,logloss,,,,,,,,,,,,1C_finite,6,900,10.0,hamming_weight,0.7664301954903183,
hash_shared,logistic,logloss,,,,,,,,,,,,1C_finite,6,900,10.0,position_specific,0.5526570315606268,
hash_shared,logistic,logloss,,,,,,,,,,,,1C_finite,6,900,50.0,hamming_weight,0.7785745966536592,
hash_shared,logistic,logloss,,,,,,,,,,,,1C_finite,6,900,50.0,position_specific,0.5220042132245506,
hash_shared,logistic,logloss,,,,,,,,,,,,1C_finite,6,900,200.0,hamming_weight,0.7803112981625253,
hash_shared,logistic,logloss,,,,,,,,,,,,1C_finite,6,900,200.0,position_specific,0.5088065786869667,
hash_shared,logistic,logloss,,,,,,,,,,,,1C_finite,6,900,1000.0,hamming_weight,0.7812278956686728,
hash_shared,logistic,logloss,,,,,,,,,,,,1C_finite,6,900,1000.0,position_specific,0.502766623249228,
hash_shared,mlp,brier,,,,,,,,,,,,1C_finite,6,300,10.0,hamming_weight,,
hash_shared,mlp,brier,,,,,,,,,,,,1C_finite,6,300,10.0,position_specific,,
hash_shared,mlp,brier,,,,,,,,,,,,1C_finite,6,300,50.0,hamming_weight,,
hash_shared,mlp,brier,,,,,,,,,,,,1C_finite,6,300,50.0,position_specific,,
hash_shared,mlp,brier,,,,,,,,,,,,1C_finite,6,300,200.0,hamming_weight,,
hash_shared,mlp,brier,,,,,,,,,,,,1C_finite,6,300,200.0,position_specific,,
hash_shared,mlp,brier,,,,,,,,,,,,1C_finite,6,300,1000.0,hamming_weight,,
hash_shared,mlp,brier,,,,,,,,,,,,1C_finite,6,300,1000.0,position_specific,,
hash_shared,mlp,logloss,,,,,,,,,,,,1C_finite,6,300,10.0,hamming_weight,0.7657803782390418,
hash_shared,mlp,logloss,,,,,,,,,,,,1C_finite,6,300,10.0,position_specific,0.5484053632739653,
hash_shared,mlp,logloss,,,,,,,,,,,,1C_finite,6,300,50.0,hamming_weight,0.7780397957205306,
hash_shared,mlp,logloss,,,,,,,,,,,,1C_finite,6,300,50.0,position_specific,0.5190558363526852,
hash_shared,mlp,logloss,,,,,,,,,,,,1C_finite,6,300,200.0,hamming_weight,0.780192372496209,
hash_shared,mlp,logloss,,,,,,,,,,,,1C_finite,6,300,200.0,position_specific,0.5069213248746216,
hash_shared,mlp,logloss,,,,,,,,,,,,1C_finite,6,300,1000.0,hamming_weight,0.7812278285107924,
hash_shared,mlp,logloss,,,,,,,,,,,,1C_finite,6,300,1000.0,position_specific,0.501810883835895,
label,lightgbm,brier,,,,,,,,,,,,1C_finite,6,300,10.0,hamming_weight,,
label,lightgbm,brier,,,,,,,,,,,,1C_finite,6,300,10.0,position_specific,,
label,lightgbm,brier,,,,,,,,,,,,1C_finite,6,300,50.0,hamming_weight,,
label,lightgbm,brier,,,,,,,,,,,,1C_finite,6,300,50.0,position_specific,,
label,lightgbm,brier,,,,,,,,,,,,1C_finite,6,300,200.0,hamming_weight,,
label,lightgbm,brier,,,,,,,,,,,,1C_finite,6,300,200.0,position_specific,,
label,lightgbm,brier,,,,,,,,,,,,1C_finite,6,300,1000.0,hamming_weight,,
label,lightgbm,brier,,,,,,,,,,,,1C_finite,6,300,1000.0,position_specific,,
label,lightgbm,logloss,,,,,,,,,,,,1C_finite,6,300,10.0,hamming_weight,0.7446278013090449,
label,lightgbm,logloss,,,,,,,,,,,,1C_finite,6,300,10.0,position_specific,0.6891956907894937,
label,lightgbm,logloss,,,,,,,,,,,,1C_finite,6,300,50.0,hamming_weight,0.7230498681623454,
label,lightgbm,logloss,,,,,,,,,,,,1C_finite,6,300,50.0,position_specific,0.6771794345805473,
label,lightgbm,logloss,,,,,,,,,,,,1C_finite,6,300,200.0,hamming_weight,0.6759940717465043,
label,lightgbm,logloss,,,,,,,,,,,,1C_finite,6,300,200.0,position_specific,0.6724506351344197,
label,lightgbm,logloss,,,,,,,,,,,,1C_finite,6,300,1000.0,hamming_weight,0.5956515622338256,
label,lightgbm,logloss,,,,,,,,,,,,1C_finite,6,300,1000.0,position_specific,0.6685306206654286,
label,logistic,brier,,,,,,,,,,,,1C_finite,6,300,10.0,hamming_weight,,
label,logistic,brier,,,,,,,,,,,,1C_finite,6,300,10.0,position_specific,,
label,logistic,brier,,,,,,,,,,,,1C_finite,6,300,50.0,hamming_weight,,
label,logistic,brier,,,,,,,,,,,,1C_finite,6,300,50.0,position_specific,,
label,logistic,brier,,,,,,,,,,,,1C_finite,6,300,200.0,hamming_weight,,
label,logistic,brier,,,,,,,,,,,,1C_finite,6,300,200.0,position_specific,,
label,logistic,brier,,,,,,,,,,,,1C_finite,6,300,1000.0,hamming_weight,,
label,logistic,brier,,,,,,,,,,,,1C_finite,6,300,1000.0,position_specific,,
label,logistic,logloss,,,,,,,,,,,,1C_finite,6,300,10.0,hamming_weight,0.765168547651711,
label,logistic,logloss,,,,,,,,,,,,1C_finite,6,300,10.0,position_specific,0.6994129710473266,
label,logistic,logloss,,,,,,,,,,,,1C_finite,6,300,50.0,hamming_weight,0.7554286626790567,
label,logistic,logloss,,,,,,,,,,,,1C_finite,6,300,50.0,position_specific,0.684627065877044,
label,logistic,logloss,,,,,,,,,,,,1C_finite,6,300,200.0,hamming_weight,0.7019738578480915,
label,logistic,logloss,,,,,,,,,,,,1C_finite,6,300,200.0,position_specific,0.6472723603577396,
label,logistic,logloss,,,,,,,,,,,,1C_finite,6,300,1000.0,hamming_weight,0.6400915374312081,
label,logistic,logloss,,,,,,,,,,,,1C_finite,6,300,1000.0,position_specific,0.6007253421791849,
label,mlp,brier,,,,,,,,,,,,1C_finite,6,300,10.0,hamming_weight,,
label,mlp,brier,,,,,,,,,,,,1C_finite,6,300,10.0,position_specific,,
label,mlp,brier,,,,,,,,,,,,1C_finite,6,300,50.0,hamming_weight,,
label,mlp,brier,,,,,,,,,,,,1C_finite,6,300,50.0,position_specific,,
label,mlp,brier,,,,,,,,,,,,1C_finite,6,300,200.0,hamming_weight,,
label,mlp,brier,,,,,,,,,,,,1C_finite,6,300,200.0,position_specific,,
label,mlp,brier,,,,,,,,,,,,1C_finite,6,300,1000.0,hamming_weight,,
label,mlp,brier,,,,,,,,,,,,1C_finite,6,300,1000.0,position_specific,,
label,mlp,logloss,,,,,,,,,,,,1C_finite,6,300,10.0,hamming_weight,0.7529575479789923,
label,mlp,logloss,,,,,,,,,,,,1C_finite,6,300,10.0,position_specific,0.6887503862410312,
label,mlp,logloss,,,,,,,,,,,,1C_finite,6,300,50.0,hamming_weight,0.7140353074439036,
label,mlp,logloss,,,,,,,,,,,,1C_finite,6,300,50.0,position_specific,0.6441006921556162,
label,mlp,logloss,,,,,,,,,,,,1C_finite,6,300,200.0,hamming_weight,0.6564356516638674,
label,mlp,logloss,,,,,,,,,,,,1C_finite,6,300,200.0,position_specific,0.6002710774648059,
label,mlp,logloss,,,,,,,,,,,,1C_finite,6,300,1000.0,hamming_weight,0.6038176707800181,
label,mlp,logloss,,,,,,,,,,,,1C_finite,6,300,1000.0,position_specific,0.5602167743858794,
onehot,lightgbm,brier,,,,,,,,,,,,1C_finite,6,300,10.0,hamming_weight,,
onehot,lightgbm,brier,,,,,,,,,,,,1C_finite,6,300,10.0,position_specific,,
onehot,lightgbm,brier,,,,,,,,,,,,1C_finite,6,300,50.0,hamming_weight,,
onehot,lightgbm,brier,,,,,,,,,,,,1C_finite,6,300,50.0,position_specific,,
onehot,lightgbm,brier,,,,,,,,,,,,1C_finite,6,300,200.0,hamming_weight,,
onehot,lightgbm,brier,,,,,,,,,,,,1C_finite,6,300,200.0,position_specific,,
onehot,lightgbm,brier,,,,,,,,,,,,1C_finite,6,300,1000.0,hamming_weight,,
onehot,lightgbm,brier,,,,,,,,,,,,1C_finite,6,300,1000.0,position_specific,,
onehot,lightgbm,logloss,,,,,,,,,,,,1C_finite,6,300,10.0,hamming_weight,0.7446278013090449,
onehot,lightgbm,logloss,,,,,,,,,,,,1C_finite,6,300,10.0,position_specific,0.6891968735334308,
onehot,lightgbm,logloss,,,,,,,,,,,,1C_finite,6,300,50.0,hamming_weight,0.7230498681623454,
onehot,lightgbm,logloss,,,,,,,,,,,,1C_finite,6,300,50.0,position_specific,0.677177331319651,
onehot,lightgbm,logloss,,,,,,,,,,,,1C_finite,6,300,200.0,hamming_weight,0.6759937632497497,
onehot,lightgbm,logloss,,,,,,,,,,,,1C_finite,6,300,200.0,position_specific,0.6724493330824741,
onehot,lightgbm,logloss,,,,,,,,,,,,1C_finite,6,300,1000.0,hamming_weight,0.5956252900594622,
onehot,lightgbm,logloss,,,,,,,,,,,,1C_finite,6,300,1000.0,position_specific,0.668534022728036,
onehot,logistic,brier,,,,,,,,,,,,1C_finite,6,300,10.0,hamming_weight,,
onehot,logistic,brier,,,,,,,,,,,,1C_finite,6,300,10.0,position_specific,,
onehot,logistic,brier,,,,,,,,,,,,1C_finite,6,300,50.0,hamming_weight,,
onehot,logistic,brier,,,,,,,,,,,,1C_finite,6,300,50.0,position_specific,,
onehot,logistic,brier,,,,,,,,,,,,1C_finite,6,300,200.0,hamming_weight,,
onehot,logistic,brier,,,,,,,,,,,,1C_finite,6,300,200.0,position_specific,,
onehot,logistic,brier,,,,,,,,,,,,1C_finite,6,300,1000.0,hamming_weight,,
onehot,logistic,brier,,,,,,,,,,,,1C_finite,6,300,1000.0,position_specific,,
onehot,logistic,logloss,,,,,,,,,,,,1C_finite,6,300,10.0,hamming_weight,0.7651946063255215,
onehot,logistic,logloss,,,,,,,,,,,,1C_finite,6,300,10.0,position_specific,0.6994061675209311,
onehot,logistic,logloss,,,,,,,,,,,,1C_finite,6,300,50.0,hamming_weight,0.7553941322645069,
onehot,logistic,logloss,,,,,,,,,,,,1C_finite,6,300,50.0,position_specific,0.6846015464216981,
onehot,logistic,logloss,,,,,,,,,,,,1C_finite,6,300,200.0,hamming_weight,0.7002858515331409,
onehot,logistic,logloss,,,,,,,,,,,,1C_finite,6,300,200.0,position_specific,0.6461199922791298,
onehot,logistic,logloss,,,,,,,,,,,,1C_finite,6,300,1000.0,hamming_weight,0.639746792488575,
onehot,logistic,logloss,,,,,,,,,,,,1C_finite,6,300,1000.0,position_specific,0.6004786453978195,
onehot,mlp,brier,,,,,,,,,,,,1C_finite,6,300,10.0,hamming_weight,,
onehot,mlp,brier,,,,,,,,,,,,1C_finite,6,300,10.0,position_specific,,
onehot,mlp,brier,,,,,,,,,,,,1C_finite,6,300,50.0,hamming_weight,,
onehot,mlp,brier,,,,,,,,,,,,1C_finite,6,300,50.0,position_specific,,
onehot,mlp,brier,,,,,,,,,,,,1C_finite,6,300,200.0,hamming_weight,,
onehot,mlp,brier,,,,,,,,,,,,1C_finite,6,300,200.0,position_specific,,
onehot,mlp,brier,,,,,,,,,,,,1C_finite,6,300,1000.0,hamming_weight,,
onehot,mlp,brier,,,,,,,,,,,,1C_finite,6,300,1000.0,position_specific,,
onehot,mlp,logloss,,,,,,,,,,,,1C_finite,6,300,10.0,hamming_weight,0.7526161728861939,
onehot,mlp,logloss,,,,,,,,,,,,1C_finite,6,300,10.0,position_specific,0.688794499954497,
onehot,mlp,logloss,,,,,,,,,,,,1C_finite,6,300,50.0,hamming_weight,0.7229451301027114,
onehot,mlp,logloss,,,,,,,,,,,,1C_finite,6,300,50.0,position_specific,0.6533918196217763,
onehot,mlp,logloss,,,,,,,,,,,,1C_finite,6,300,200.0,hamming_weight,0.6709500756253234,
onehot,mlp,logloss,,,,,,,,,,,,1C_finite,6,300,200.0,position_specific,0.610157262147684,
onehot,mlp,logloss,,,,,,,,,,,,1C_finite,6,300,1000.0,hamming_weight,0.6122752785600617,
onehot,mlp,logloss,,,,,,,,,,,,1C_finite,6,300,1000.0,position_specific,0.5664653330521168,
count,bayes_z_oracle,brier,,0.008077675558428749,0.007815695578828637,0.00833965553802886,0.00013366325489801595,0.0,0.0,0.0,0.0,0.008077675558428749,0.0,1B,144,7200,,,,500.0
count,bayes_z_oracle,brier,,0.004103651279317766,0.003926248851847068,0.004281053706788464,9.05114425870906e-05,0.0,0.0,0.0,0.0,0.004103651279317766,0.0,1B,144,7200,,,,5000.0
count,bayes_z_oracle,logloss,,0.017693662271905594,0.017111050336304008,0.01827627420750718,0.0002972509875518287,0.0,0.0,0.0,0.0,0.017693662271905594,0.0,1B,144,7200,,,0.6580661360167379,500.0
count,bayes_z_oracle,logloss,,0.009065490282166955,0.008666272879510738,0.009464707684823173,0.00020368234829398846,0.0,0.0,0.0,0.0,0.009065490282166955,0.0,1B,144,7200,,,0.6753248501880468,5000.0
count,lightgbm,brier,,0.008077675558428749,0.007815695578828637,0.00833965553802886,0.00013366325489801595,0.06215943931056041,0.061829222068912434,0.06248965655220838,0.00016847818451427052,0.008077675558428749,0.0,1B,144,7200,,,,500.0
count,lightgbm,brier,,0.004103651279317766,0.003926248851847068,0.004281053706788464,9.05114425870906e-05,0.018919866673844588,0.01876980410945928,0.019069929238229897,7.656253284964717e-05,0.004103651279317766,0.0,1B,144,7200,,,,5000.0
count,lightgbm,logloss,,0.017693662271905594,0.017111050336304008,0.01827627420750718,0.0002972509875518287,0.18130608857632693,0.1802503576118446,0.18236181954080927,0.0005386382471848604,0.017693662271905594,0.0,1B,144,7200,,,0.5649033147599851,500.0
count,lightgbm,logloss,,0.009065490282166955,0.008666272879510738,0.009464707684823173,0.00020368234829398846,0.043782313736933816,0.04345449053921189,0.04411013693465574,0.0001672567335315955,0.009065490282166955,0.0,1B,144,7200,,,0.6170697789621585,5000.0
count,logistic,brier,,0.008077675558428749,0.007815695578828637,0.00833965553802886,0.00013366325489801595,0.023399501311257287,0.023111325115211093,0.02368767750730348,0.00014702867145213958,0.008077675558428749,0.0,1B,144,7200,,,,500.0
count,logistic,brier,,0.004103651279317766,0.003926248851847068,0.004281053706788464,9.05114425870906e-05,0.021040966943791897,0.020747133597842332,0.02133480028974146,0.00014991497242324784,0.004103651279317766,0.0,1B,144,7200,,,,5000.0
count,logistic,logloss,,0.017693662271905594,0.017111050336304008,0.01827627420750718,0.0002972509875518287,0.050233292432851316,0.04958809823130701,0.05087848663439562,0.0003291807150736254,0.017693662271905594,0.0,1B,144,7200,,,0.5499341917267484,500.0
count,logistic,logloss,,0.009065490282166955,0.008666272879510738,0.009464707684823173,0.00020368234829398846,0.045080874251323684,0.044420022067245,0.04574172643540237,0.00033716948167280083,0.009065490282166955,0.0,1B,144,7200,,,0.5650704687573379,5000.0
count,mlp,brier,,0.008077675558428749,0.007815695578828637,0.00833965553802886,0.00013366325489801595,0.02554079893297418,0.025225096669467727,0.025856501196480634,0.00016107258342165927,0.008077675558428749,0.0,1B,144,7200,,,,500.0
count,mlp,brier,,0.004103651279317766,0.003926248851847068,0.004281053706788464,9.05114425870906e-05,0.02215889053355122,0.021859525335072003,0.02245825573203044,0.00015273734616286642,0.004103651279317766,0.0,1B,144,7200,,,,5000.0
count,mlp,logloss,,0.017693662271905594,0.017111050336304008,0.01827627420750718,0.0002972509875518287,0.05459128179074901,0.05388224861023475,0.055300314971263274,0.00036175162271135617,0.017693662271905594,0.0,1B,144,7200,,,0.5342136527903141,500.0
count,mlp,logloss,,0.009065490282166955,0.008666272879510738,0.009464707684823173,0.00020368234829398846,0.04799860929483636,0.047311972374708626,0.0486852462149641,0.0003503249592488449,0.009065490282166955,0.0,1B,144,7200,,,0.5717688597710041,5000.0
hash_column,bayes_z_oracle,brier,,0.008014946350741119,0.007825900649187817,0.00820399205229442,9.645188854760335e-05,0.0,0.0,0.0,0.0,0.008014946350741119,0.0,1B,48,7200,,,,500.0
hash_column,bayes_z_oracle,brier,,0.008014946350741119,0.007825900649187817,0.00820399205229442,9.645188854760335e-05,0.0,0.0,0.0,0.0,0.008014946350741119,0.0,1B,48,7200,,,,5000.0
hash_column,bayes_z_oracle,logloss,,0.01759381751751499,0.017167520747049025,0.018020114287980955,0.00021749835227855366,0.0,0.0,0.0,0.0,0.01759381751751499,0.0,1B,48,7200,,,0.6547394554634758,500.0
hash_column,bayes_z_oracle,logloss,,0.01759381751751499,0.017167520747049025,0.018020114287980955,0.00021749835227855366,0.0,0.0,0.0,0.0,0.01759381751751499,0.0,1B,48,7200,,,0.6547394554634758,5000.0
hash_column,lightgbm,brier,,0.00824164827244335,0.007966413375175436,0.008516883169711264,0.0001404259679938331,0.03699555674839695,0.036595028572991635,0.03739608492380226,0.00020435110990067097,0.00824164827244335,0.0,1B,144,7200,,,,500.0
hash_column,lightgbm,brier,,0.00824164827244335,0.007966413375175436,0.008516883169711264,0.0001404259679938331,0.013553668077316304,0.013333198101619056,0.013774138053013552,0.00011248468147818797,0.00824164827244335,0.0,1B,144,7200,,,,5000.0
hash_column,lightgbm,logloss,,0.018119065648604268,0.017493595898160817,0.018744535399047718,0.0003191172196140061,0.09379106317227882,0.09274679461458694,0.0948353317299707,0.0005327900804550382,0.018119065648604268,0.0,1B,144,7200,,,0.5624805189847736,500.0
hash_column,lightgbm,logloss,,0.018119065648604268,0.017493595898160817,0.018744535399047718,0.0003191172196140061,0.03157633193673918,0.031077285022084632,0.03207537885139373,0.00025461577278293186,0.018119065648604268,0.0,1B,144,7200,,,0.6099194021596226,5000.0
hash_column,logistic,brier,,0.008014946350741119,0.007825900649187817,0.00820399205229442,9.645188854760335e-05,0.01868609723243452,0.01839704597534947,0.018975148489519568,0.0001474751311658418,0.008014946350741119,0.0,1B,144,21600,,,,500.0
hash_column,logistic,brier,,0.008014946350741119,0.007825900649187817,0.00820399205229442,9.645188854760335e-05,0.007805313471398776,0.007634331138092934,0.007976295804704618,8.723588433971557e-05,0.008014946350741119,0.0,1B,144,21600,,,,5000.0
hash_column,logistic,logloss,,0.01759381751751499,0.017167520747049025,0.018020114287980955,0.00021749835227855366,0.04368059457805172,0.04295781109698961,0.04440337805911383,0.0003687670821745474,0.01759381751751499,0.0,1B,144,21600,,,0.5679068437857293,500.0
hash_column,logistic,logloss,,0.01759381751751499,0.017167520747049025,0.018020114287980955,0.00021749835227855366,0.0170654353607578,0.016681126510876568,0.01744974421063903,0.00019607594381695526,0.01759381751751499,0.0,1B,144,21600,,,0.6132122769260093,5000.0
hash_column,mlp,brier,,0.00824164827244335,0.007966413375175436,0.008516883169711264,0.0001404259679938331,0.0213885769190378,0.020903168193072044,0.021873985645003556,0.0002476575132478342,0.00824164827244335,0.0,1B,144,7200,,,,500.0
hash_column,mlp,brier,,0.00824164827244335,0.007966413375175436,0.008516883169711264,0.0001404259679938331,0.010773032910185547,0.010395104414833033,0.01115096140553806,0.00019282066089413978,0.00824164827244335,0.0,1B,144,7200,,,,5000.0
hash_column,mlp,logloss,,0.018119065648604268,0.017493595898160817,0.018744535399047718,0.0003191172196140061,0.04675528419148755,0.0456405525733987,0.0478700158095764,0.0005687406214739048,0.018119065648604268,0.0,1B,144,7200,,,0.5406487618377841,500.0
hash_column,mlp,logloss,,0.018119065648604268,0.017493595898160817,0.018744535399047718,0.0003191172196140061,0.024643628817444984,0.02368985169482302,0.025597405940066948,0.0004866209809295736,0.018119065648604268,0.0,1B,144,7200,,,0.5969313395966113,5000.0
hash_shared,bayes_z_oracle,brier,,0.02446078280345925,0.024132460686013876,0.024789104920904626,0.0001675112844109055,0.0,0.0,0.0,0.0,0.02446078280345925,0.0,1B,48,7200,,,,500.0
hash_shared,bayes_z_oracle,brier,,0.02446078280345925,0.024132460686013876,0.024789104920904626,0.0001675112844109055,0.0,0.0,0.0,0.0,0.02446078280345925,0.0,1B,48,7200,,,,5000.0
hash_shared,bayes_z_oracle,logloss,,0.052619746621171845,0.05187220187368666,0.05336729136865703,0.000381400381369992,0.0,0.0,0.0,0.0,0.052619746621171845,0.0,1B,48,7200,,,0.5703714285648412,500.0
hash_shared,bayes_z_oracle,logloss,,0.052619746621171845,0.05187220187368666,0.05336729136865703,0.000381400381369992,0.0,0.0,0.0,0.0,0.052619746621171845,0.0,1B,48,7200,,,0.5703714285648412,5000.0
hash_shared,lightgbm,brier,,0.02445995384437203,0.023891059361662713,0.025028848327081347,0.00029025228709658995,0.027591269467268566,0.027036228941545764,0.028146309992991368,0.0002831839416953062,0.024459953844372034,0.0,1B,144,7200,,,,500.0
hash_shared,lightgbm,brier,,0.02445995384437203,0.023891059361662713,0.025028848327081347,0.00029025228709658995,0.007533209270354753,0.0073200509602641736,0.007746367580445333,0.00010875423984213256,0.024459953844372034,0.0,1B,144,7200,,,,5000.0
hash_shared,lightgbm,logloss,,0.05261844039743897,0.05132311028874714,0.053913770506130804,0.0006608827085162404,0.06934963916861164,0.0677923481928791,0.07090693014434418,0.0007945362121084352,0.05261844039743897,0.0,1B,144,7200,,,0.5158178393320513,500.0
hash_shared,lightgbm,logloss,,0.05261844039743897,0.05132311028874714,0.053913770506130804,0.0006608827085162404,0.0168124784509824,0.016330330144804384,0.017294626757160415,0.00024599403376429407,0.05261844039743897,0.0,1B,144,7200,,,0.52604175290103,5000.0
hash_shared,logistic,brier,,0.02446078280345925,0.024132460686013876,0.024789104920904626,0.0001675112844109055,0.00418420730500441,0.004122821932388693,0.004245592677620128,3.131906766108048e-05,0.024460782803459247,0.0,1B,144,21600,,,,500.0
hash_shared,logistic,brier,,0.02446078280345925,0.024132460686013876,0.024789104920904626,0.0001675112844109055,0.0007999171494579944,0.0007843536612442405,0.0008154806376717484,7.940555211098949e-06,0.024460782803459247,0.0,1B,144,21600,,,,5000.0
hash_shared,logistic,logloss,,0.052619746621171845,0.05187220187368666,0.05336729136865703,0.000381400381369992,0.008818720505676055,0.008685813952072016,0.008951627059280095,6.780946612450976e-05,0.052619746621171845,0.0,1B,144,21600,,,0.528535046679459,500.0
hash_shared,logistic,logloss,,0.052619746621171845,0.05187220187368666,0.05336729136865703,0.000381400381369992,0.0016508286969337297,0.0016183644794947665,0.0016832929143726929,1.6563376244368987e-05,0.052619746621171845,0.0,1B,144,21600,,,0.5434179371130526,5000.0
hash_shared,mlp,brier,,0.02445995384437203,0.023891059361662713,0.025028848327081347,0.00029025228709658995,0.00579730228051898,0.005639714380987873,0.005954890180050088,8.040198955668746e-05,0.024459953844372034,0.0,1B,144,7200,,,,500.0
hash_shared,mlp,brier,,0.02445995384437203,0.023891059361662713,0.025028848327081347,0.00029025228709658995,0.001868206360057033,0.0018084514602801024,0.0019279612598339638,3.0487193763740107e-05,0.024459953844372034,0.0,1B,144,7200,,,,5000.0
hash_shared,mlp,logloss,,0.05261844039743897,0.05132311028874714,0.053913770506130804,0.0006608827085162404,0.012048500693882896,0.011711001861954538,0.012385999525811254,0.00017219328159610105,0.05261844039743897,0.0,1B,144,7200,,,0.5175691325576046,500.0
hash_shared,mlp,logloss,,0.05261844039743897,0.05132311028874714,0.053913770506130804,0.0006608827085162404,0.003891673627634861,0.0037634309780365024,0.00401991627723322,6.542992326446885e-05,0.05261844039743897,0.0,1B,144,7200,,,0.5357596457853621,5000.0
homals,bayes_z_oracle,brier,,8.36886300790546e-05,7.79054464923951e-05,8.947181366571408e-05,2.950603870744636e-06,0.0,0.0,0.0,0.0,8.36886300790546e-05,0.0,1B,144,7200,,,,500.0
homals,bayes_z_oracle,brier,,0.0,0.0,0.0,0.0,0.0,0.0,0.0,0.0,0.0,0.0,1B,144,7200,,,,5000.0
homals,bayes_z_oracle,logloss,,0.00018697785020231709,0.00017376117795125018,0.000200194522453384,6.743200128095362e-06,0.0,0.0,0.0,0.0,0.00018697785020231709,0.0,1B,144,7200,,,0.6898569034299552,500.0
homals,bayes_z_oracle,logloss,,2.929755203871941e-19,2.1036192304217877e-20,5.649148484701703e-19,1.3874455514437563e-19,0.0,0.0,0.0,0.0,2.929755203871941e-19,0.0,1B,144,7200,,,0.6901212568940033,5000.0
homals,logistic,brier,,8.36886300790546e-05,7.79054464923951e-05,8.947181366571408e-05,2.950603870744636e-06,0.039222032612300284,0.038770332979157926,0.03967373224544264,0.0002304589965012033,8.36886300790546e-05,0.0,1B,144,7200,,,,500.0
homals,logistic,brier,,0.0,0.0,0.0,0.0,0.025056178058789735,0.02468718179540082,0.02542517432217865,0.0001882633996882224,0.0,0.0,1B,144,7200,,,,5000.0
homals,logistic,logloss,,0.00018697785020231709,0.00017376117795125018,0.000200194522453384,6.743200128095362e-06,0.09248269199115357,0.09127106197836436,0.09369432200394277,0.0006181785779536737,0.00018697785020231709,0.0,1B,144,7200,,,0.5453581604185161,500.0
homals,logistic,logloss,,2.929755203871941e-19,2.1036192304217877e-20,5.649148484701703e-19,1.3874455514437563e-19,0.05398091804061835,0.05315401200208053,0.05480782407915617,0.0004218908359886835,2.929755203871941e-19,0.0,1B,144,7200,,,0.5666772617277014,5000.0
label,bayes_z_oracle,brier,,8.356937559524542e-05,7.779522929377648e-05,8.934352189671435e-05,2.9459930109535356e-06,0.0,0.0,0.0,0.0,8.356937559524542e-05,0.0,1B,144,7200,,,,500.0
label,bayes_z_oracle,brier,,0.0,0.0,0.0,0.0,0.0,0.0,0.0,0.0,0.0,0.0,1B,144,7200,,,,5000.0
label,bayes_z_oracle,logloss,,0.00018670308435407692,0.0001735086298606434,0.00019989753884751044,6.731864537466073e-06,0.0,0.0,0.0,0.0,0.00018670308435407692,0.0,1B,144,7200,,,0.6898572159130937,500.0
label,bayes_z_oracle,logloss,,2.929755203871941e-19,2.1036192304217877e-20,5.649148484701703e-19,1.3874455514437563e-19,0.0,0.0,0.0,0.0,2.929755203871941e-19,0.0,1B,144,7200,,,0.6901212568940033,5000.0
label,lightgbm,brier,,8.356937559524542e-05,7.779522929377648e-05,8.934352189671435e-05,2.9459930109535356e-06,0.07081041444876375,0.07032385230050238,0.07129697659702512,0.00024824599401090225,8.356937559524542e-05,0.0,1B,144,7200,,,,500.0
label,lightgbm,brier,,0.0,0.0,0.0,0.0,0.021393441409086673,0.021157212808150177,0.02162967001002317,0.00012052479639617199,0.0,0.0,1B,144,7200,,,,5000.0
label,lightgbm,logloss,,0.00018670308435407692,0.0001735086298606434,0.00019989753884751044,6.731864537466073e-06,0.20500889912545006,0.20360740178038456,0.20641039647051557,0.0007150496658497457,0.00018670308435407692,0.0,1B,144,7200,,,0.5689572006814602,500.0
label,lightgbm,logloss,,2.929755203871941e-19,2.1036192304217877e-20,5.649148484701703e-19,1.3874455514437563e-19,0.049305934484113086,0.048785474455821556,0.049826394512404615,0.00026554083076098435,2.929755203871941e-19,0.0,1B,144,7200,,,0.6236186558135682,5000.0
label,logistic,brier,,8.356937559524542e-05,7.779522929377648e-05,8.934352189671435e-05,2.9459930109535356e-06,0.03270054534177574,0.03232974671809147,0.03307134396546001,0.0001891829712674846,8.356937559524542e-05,0.0,1B,144,7200,,,,500.0
label,logistic,brier,,0.0,0.0,0.0,0.0,0.026639898426777903,0.026282686434655016,0.02699711041890079,0.00018225101638922722,0.0,0.0,1B,144,7200,,,,5000.0
label,logistic,logloss,,0.00018670308435407692,0.0001735086298606434,0.00019989753884751044,6.731864537466073e-06,0.07039780122651393,0.06956093741435156,0.0712346650386763,0.0004269713327359023,0.00018670308435407692,0.0,1B,144,7200,,,0.5407536891887854,500.0
label,logistic,logloss,,2.929755203871941e-19,2.1036192304217877e-20,5.649148484701703e-19,1.3874455514437563e-19,0.05727276679037371,0.05646572504992965,0.05807980853081776,0.00041175599002247863,2.929755203871941e-19,0.0,1B,144,7200,,,0.556444772688322,5000.0
label,mlp,brier,,8.356937559524542e-05,7.779522929377648e-05,8.934352189671435e-05,2.9459930109535356e-06,0.03431923892599201,0.03393680766213975,0.03470167018984426,0.00019511799176135633,8.356937559524542e-05,0.0,1B,144,7200,,,,500.0
label,mlp,brier,,0.0,0.0,0.0,0.0,0.026960288833720942,0.026566007719717094,0.02735456994772479,0.00020116383367543288,0.0,0.0,1B,144,7200,,,,5000.0
label,mlp,logloss,,0.00018670308435407692,0.0001735086298606434,0.00019989753884751044,6.731864537466073e-06,0.07366317632772841,0.0727966564603184,0.07452969619513843,0.00044210197316837225,0.00018670308435407692,0.0,1B,144,7200,,,0.5272708785290727,500.0
label,mlp,logloss,,2.929755203871941e-19,2.1036192304217877e-20,5.649148484701703e-19,1.3874455514437563e-19,0.058664550677706144,0.057769262381706564,0.059559838973705724,0.00045677974285692787,2.929755203871941e-19,0.0,1B,144,7200,,,0.5669463217893302,5000.0
onehot,bayes_z_oracle,brier,,8.356937559524542e-05,7.779522929377648e-05,8.934352189671435e-05,2.9459930109535356e-06,0.0,0.0,0.0,0.0,8.356937559524542e-05,0.0,1B,144,7200,,,,500.0
onehot,bayes_z_oracle,brier,,0.0,0.0,0.0,0.0,0.0,0.0,0.0,0.0,0.0,0.0,1B,144,7200,,,,5000.0
onehot,bayes_z_oracle,logloss,,0.00018670308435407692,0.0001735086298606434,0.00019989753884751044,6.731864537466073e-06,0.0,0.0,0.0,0.0,0.00018670308435407692,0.0,1B,144,7200,,,0.6898572159130937,500.0
onehot,bayes_z_oracle,logloss,,2.929755203871941e-19,2.1036192304217877e-20,5.649148484701703e-19,1.3874455514437563e-19,0.0,0.0,0.0,0.0,2.929755203871941e-19,0.0,1B,144,7200,,,0.6901212568940033,5000.0
onehot,lightgbm,brier,,8.356937559524542e-05,7.779522929377648e-05,8.934352189671435e-05,2.9459930109535356e-06,0.05122383727195267,0.05080223376541556,0.05164544077848978,0.0002151038298658724,8.356937559524542e-05,0.0,1B,144,7200,,,,500.0
onehot,lightgbm,brier,,0.0,0.0,0.0,0.0,0.01988897609150305,0.019671253267606863,0.02010669891539924,0.00011108307341642232,0.0,0.0,1B,144,7200,,,,5000.0
onehot,lightgbm,logloss,,0.00018670308435407692,0.0001735086298606434,0.00019989753884751044,6.731864537466073e-06,0.13899260480121445,0.13765237961835142,0.14033282998407748,0.0006837883586035941,0.00018670308435407692,0.0,1B,144,7200,,,0.5737031637378508,500.0
onehot,lightgbm,logloss,,2.929755203871941e-19,2.1036192304217877e-20,5.649148484701703e-19,1.3874455514437563e-19,0.046657953635013114,0.04616284978557323,0.047153057484453,0.0002526040048162677,2.929755203871941e-19,0.0,1B,144,7200,,,0.6340952061884672,5000.0
onehot,logistic,brier,,8.356937559524542e-05,7.779522929377648e-05,8.934352189671435e-05,2.9459930109535356e-06,0.10002581635810356,0.09835608738792123,0.1016955453282859,0.0008519025358073095,8.356937559524542e-05,0.0,1B,144,7200,,,,500.0
onehot,logistic,brier,,0.0,0.0,0.0,0.0,0.022489472154897834,0.021963685362239534,0.023015258947556134,0.00026825856768280604,0.0,0.0,1B,144,7200,,,,5000.0
onehot,logistic,logloss,,0.00018670308435407692,0.0001735086298606434,0.00019989753884751044,6.731864537466073e-06,0.6744038902708316,0.6596535756005902,0.6891542049410729,0.0075256707501231545,0.00018670308435407692,0.0,1B,144,7200,,,0.5782162596973612,500.0
onehot,logistic,logloss,,2.929755203871941e-19,2.1036192304217877e-20,5.649148484701703e-19,1.3874455514437563e-19,0.05939496935017154,0.05781397483657404,0.060975963863769043,0.0008066298538762746,2.929755203871941e-19,0.0,1B,144,7200,,,0.6332152762390173,5000.0
onehot,mlp,brier,,8.356937559524542e-05,7.779522929377648e-05,8.934352189671435e-05,2.9459930109535356e-06,0.051077936892084744,0.050417677072193585,0.0517381967119759,0.00033686725504650803,8.356937559524542e-05,0.0,1B,144,7200,,,,500.0
onehot,mlp,brier,,0.0,0.0,0.0,0.0,0.04171361884985573,0.04075110901033198,0.04267612868937948,0.0004910764487366054,0.0,0.0,1B,144,7200,,,,5000.0
onehot,mlp,logloss,,0.00018670308435407692,0.0001735086298606434,0.00019989753884751044,6.731864537466073e-06,0.13256971118357502,0.13019238954849532,0.13494703281865472,0.001212919201571282,0.00018670308435407692,0.0,1B,144,7200,,,0.5475916504549544,500.0
onehot,mlp,logloss,,2.929755203871941e-19,2.1036192304217877e-20,5.649148484701703e-19,1.3874455514437563e-19,0.1684154441681448,0.1617758405143116,0.175055047821978,0.0033875528846087823,2.929755203871941e-19,0.0,1B,144,7200,,,0.6144549601465251,5000.0
ordered_catboost_sim,bayes_z_oracle,brier,,0.0024910151968724815,0.002383951039274824,0.002598079354470139,5.462457020288651e-05,0.0,0.0,0.0,0.0,0.0024910151968724815,0.0,1B,144,7200,,,,500.0
ordered_catboost_sim,bayes_z_oracle,brier,,0.00013295269615227996,0.00012428810203388228,0.00014161729027067763,4.420711284896777e-06,0.0,0.0,0.0,0.0,0.00013295269615227996,0.0,1B,144,7200,,,,5000.0
ordered_catboost_sim,bayes_z_oracle,logloss,,0.00554197940139514,0.00529796777722395,0.00578599102556633,0.0001244957266179542,0.0,0.0,0.0,0.0,0.00554197940139514,0.0,1B,144,7200,,,0.6816395059658252,500.0
ordered_catboost_sim,bayes_z_oracle,logloss,,0.0002988711674843894,0.00027886231213710203,0.00031888002283167677,1.0208599666983346e-05,0.0,0.0,0.0,0.0,0.0002988711674843894,0.0,1B,144,7200,,,0.6897025162907665,5000.0
ordered_catboost_sim,logistic,brier,,0.0024910151968724815,0.002383951039274824,0.002598079354470139,5.462457020288651e-05,0.023000982165721936,0.022707170096090298,0.023294794235353574,0.00014990411715899886,0.0024910151968724815,0.0,1B,144,7200,,,,500.0
ordered_catboost_sim,logistic,brier,,0.00013295269615227996,0.00012428810203388228,0.00014161729027067763,4.420711284896777e-06,0.010969833679662895,0.010724319128262527,0.011215348231063264,0.0001252625262246775,0.00013295269615227996,0.0,1B,144,7200,,,,5000.0
ordered_catboost_sim,logistic,logloss,,0.00554197940139514,0.00529796777722395,0.00578599102556633,0.0001244957266179542,0.05082399645123941,0.05014926095344618,0.05149873194903264,0.00034425280499654574,0.00554197940139514,0.0,1B,144,7200,,,0.591445519727748,500.0
ordered_catboost_sim,logistic,logloss,,0.0002988711674843894,0.00027886231213710203,0.00031888002283167677,1.0208599666983346e-05,0.024274165304874723,0.023716373837707576,0.02483195677204187,0.00028458748324854425,0.0002988711674843894,0.0,1B,144,7200,,,0.6480121515053139,5000.0
target,bayes_z_oracle,brier,,0.0025015793297622087,0.0023944281890362898,0.0026087304704881277,5.466894934995876e-05,0.0,0.0,0.0,0.0,0.0025015793297622087,0.0,1B,144,7200,,,,500.0
target,bayes_z_oracle,brier,,0.0001332729089381448,0.0001246045918209132,0.00014194122605537643,4.422610774097771e-06,0.0,0.0,0.0,0.0,0.0001332729089381448,0.0,1B,144,7200,,,,5000.0
target,bayes_z_oracle,logloss,,0.005565196523842953,0.0053210087435597644,0.005809384304126142,0.00012458560218530035,0.0,0.0,0.0,0.0,0.005565196523842953,0.0,1B,144,7200,,,0.681598821445993,500.0
target,bayes_z_oracle,logloss,,0.00029957329335768263,0.00027955700264951385,0.0003195895840658514,1.0212393218453448e-05,0.0,0.0,0.0,0.0,0.00029957329335768263,0.0,1B,144,7200,,,0.6897012305221357,5000.0
target,lightgbm,brier,,0.0025015793297622087,0.0023944281890362898,0.0026087304704881277,5.466894934995876e-05,0.0803390524614086,0.07991589099042562,0.08076221393239158,0.00021589870968519184,0.0025015793297622087,0.0,1B,144,7200,,,,500.0
target,lightgbm,brier,,0.0001332729089381448,0.0001246045918209132,0.00014194122605537643,4.422610774097771e-06,0.022088159726855197,0.021835692655776246,0.022340626797934148,0.00012880973014232265,0.0001332729089381448,0.0,1B,144,7200,,,,5000.0
target,lightgbm,logloss,,0.005565196523842953,0.0053210087435597644,0.005809384304126142,0.00012458560218530035,0.25428854686666535,0.2528465931656747,0.255730500567656,0.0007356906637707497,0.005565196523842953,0.0,1B,144,7200,,,0.5650812727923892,500.0
target,lightgbm,logloss,,0.00029957329335768263,0.00027955700264951385,0.0003195895840658514,1.0212393218453448e-05,0.05196267890697726,0.05138731898616549,0.052538038827789034,0.0002935509800060043,0.00029957329335768263,0.0,1B,144,7200,,,0.6258015086591036,5000.0
target,logistic,brier,,0.0025015793297622087,0.0023944281890362898,0.0026087304704881277,5.466894934995876e-05,0.023681957270926063,0.023391881851320698,0.023972032690531428,0.00014799766306396197,0.0025015793297622087,0.0,1B,144,7200,,,,500.0
target,logistic,brier,,0.0001332729089381448,0.0001246045918209132,0.00014194122605537643,4.422610774097771e-06,0.010969725127341831,0.010725571059414423,0.01121387919526924,0.0001245684020037795,0.0001332729089381448,0.0,1B,144,7200,,,,5000.0
target,logistic,logloss,,0.005565196523842953,0.0053210087435597644,0.005809384304126142,0.00012458560218530035,0.052517299439241376,0.0518529453940852,0.05318165348439755,0.0003389561454878441,0.005565196523842953,0.0,1B,144,7200,,,0.5916151748372254,500.0
target,logistic,logloss,,0.00029957329335768263,0.00027955700264951385,0.0003195895840658514,1.0212393218453448e-05,0.02428586690144028,0.02373095389427509,0.02484077990860547,0.0002831188812067295,0.00029957329335768263,0.0,1B,144,7200,,,0.6478431296013094,5000.0
target,mlp,brier,,0.0025015793297622087,0.0023944281890362898,0.0026087304704881277,5.466894934995876e-05,0.025872028488002536,0.02557432619190858,0.02616973078409649,0.000151888926578549,0.0025015793297622087,0.0,1B,144,7200,,,,500.0
target,mlp,brier,,0.0001332729089381448,0.0001246045918209132,0.00014194122605537643,4.422610774097771e-06,0.01336735158294078,0.013119138761235575,0.013615564404645985,0.0001266391947475533,0.0001332729089381448,0.0,1B,144,7200,,,,5000.0
target,mlp,logloss,,0.005565196523842953,0.0053210087435597644,0.005809384304126142,0.00012458560218530035,0.05624170942071369,0.055559904994763196,0.05692351384666418,0.0003478594009951492,0.005565196523842953,0.0,1B,144,7200,,,0.5704414394881635,500.0
target,mlp,logloss,,0.00029957329335768263,0.00027955700264951385,0.0003195895840658514,1.0212393218453448e-05,0.029737332631908968,0.029171642386757624,0.030303022877060312,0.00028861747201599114,0.00029957329335768263,0.0,1B,144,7200,,,0.6399470824372749,5000.0
woe,bayes_z_oracle,brier,,0.0031981442479741065,0.003068396801813474,0.003327891694134739,6.61976766125676e-05,0.0,0.0,0.0,0.0,0.0031981442479741065,0.0,1B,144,7200,,,,500.0
woe,bayes_z_oracle,brier,,0.00023315632142919675,0.00022022917670251014,0.00024608346615588334,6.5954820034115325e-06,0.0,0.0,0.0,0.0,0.00023315632142919675,0.0,1B,144,7200,,,,5000.0
woe,bayes_z_oracle,logloss,,0.00709423401680373,0.0067996773472174836,0.007388790686389976,0.00015028401509502347,0.0,0.0,0.0,0.0,0.00709423401680373,0.0,1B,144,7200,,,0.6789562931369352,500.0
woe,bayes_z_oracle,logloss,,0.0005229601872977149,0.0004931693095608264,0.0005527510650346034,1.5199427416779871e-05,0.0,0.0,0.0,0.0,0.0005229601872977149,0.0,1B,144,7200,,,0.6893753805274532,5000.0
woe,logistic,brier,,0.0031981442479741065,0.003068396801813474,0.003327891694134739,6.61976766125676e-05,0.0225359911347056,0.02225887035137897,0.022813111918032227,0.0001413881547584836,0.0031981442479741065,0.0,1B,144,7200,,,,500.0
woe,logistic,brier,,0.00023315632142919675,0.00022022917670251014,0.00024608346615588334,6.5954820034115325e-06,0.01099800541793499,0.010755167790908344,0.011240843044961637,0.00012389674848298267,0.00023315632142919675,0.0,1B,144,7200,,,,5000.0
woe,logistic,logloss,,0.00709423401680373,0.0067996773472174836,0.007388790686389976,0.00015028401509502347,0.049754127059410604,0.04912267017944533,0.05038558393937588,0.000322171877533304,0.00709423401680373,0.0,1B,144,7200,,,0.5901271138399313,500.0
woe,logistic,logloss,,0.0005229601872977149,0.0004931693095608264,0.0005527510650346034,1.5199427416779871e-05,0.02436635993366898,0.023814613388878504,0.024918106478459455,0.00028150333917881346,0.0005229601872977149,0.0,1B,144,7200,,,0.6473367179474409,5000.0
