panel,scenario_id,K,sigma,rho,regime,metric,value,theoretical_value,mcse
A/B,S2-001,3.0,0.005,0.0,all_equal,oracle_optimism_mean,0.0042527560696113,0.0074115190368375,3.70886460017415e-05
A/B,S2-001,3.0,0.005,0.0,all_equal,regret_mean,0.0,,0.0
A/B,S2-001,3.0,0.005,0.0,all_equal,p_select_best,1.0,,1.0
A/B,S2-001,3.0,0.005,0.0,all_equal,reporting_bias_mean,1.0412458538403954e-05,,4.965110297424757e-05
A/B,S2-001,3.0,0.005,0.0,all_equal,winner_instability,0.6608,,0.6608
A/B,S2-001,3.0,0.005,0.0,all_equal,one_se_regret_mean,0.0,,
A/B,S2-001,3.0,0.005,0.0,all_equal,oracle_bound_ratio,0.5738035682663534,,0.5738035682663534
A/B,S2-005,3.0,0.005,0.5,all_equal,oracle_optimism_mean,0.0030114138439531,0.0074115190368375,4.3680965510364525e-05
A/B,S2-005,3.0,0.005,0.5,all_equal,regret_mean,0.0,,0.0
A/B,S2-005,3.0,0.005,0.5,all_equal,p_select_best,1.0,,1.0
A/B,S2-005,3.0,0.005,0.5,all_equal,reporting_bias_mean,-3.312538480286409e-06,,4.980020748413384e-05
A/B,S2-005,3.0,0.005,0.5,all_equal,winner_instability,0.6616,,0.6616
A/B,S2-005,3.0,0.005,0.5,all_equal,one_se_regret_mean,0.0,,
A/B,S2-005,3.0,0.005,0.5,all_equal,oracle_bound_ratio,0.4063153354913426,,0.4063153354913426
A/B,S2-009,3.0,0.005,0.9,all_equal,oracle_optimism_mean,0.0013589129053467,0.0074115190368375,4.893484329338569e-05
A/B,S2-009,3.0,0.005,0.9,all_equal,regret_mean,0.0,,0.0
A/B,S2-009,3.0,0.005,0.9,all_equal,p_select_best,1.0,,1.0
A/B,S2-009,3.0,0.005,0.9,all_equal,reporting_bias_mean,2.5182798681263663e-05,,5.0131422621785554e-05
A/B,S2-009,3.0,0.005,0.9,all_equal,winner_instability,0.6549,,0.6549
A/B,S2-009,3.0,0.005,0.9,all_equal,one_se_regret_mean,0.0,,
A/B,S2-009,3.0,0.005,0.9,all_equal,oracle_bound_ratio,0.1833514693266723,,0.1833514693266723
A/B,S2-013,3.0,0.01,0.0,all_equal,oracle_optimism_mean,0.0084949342363148,0.0148230380736751,7.544235349539154e-05
A/B,S2-013,3.0,0.01,0.0,all_equal,regret_mean,0.0,,0.0
A/B,S2-013,3.0,0.01,0.0,all_equal,p_select_best,1.0,,1.0
A/B,S2-013,3.0,0.01,0.0,all_equal,reporting_bias_mean,-4.8317944967749136e-05,,9.941638567917424e-05
A/B,S2-013,3.0,0.01,0.0,all_equal,winner_instability,0.6628000000000001,,0.6628000000000001
A/B,S2-013,3.0,0.01,0.0,all_equal,one_se_regret_mean,0.0,,
A/B,S2-013,3.0,0.01,0.0,all_equal,oracle_bound_ratio,0.5730899559248486,,0.5730899559248486
A/B,S2-017,3.0,0.01,0.5,all_equal,oracle_optimism_mean,0.0060181579628551,0.0148230380736751,8.87361153147488e-05
A/B,S2-017,3.0,0.01,0.5,all_equal,regret_mean,0.0,,0.0
A/B,S2-017,3.0,0.01,0.5,all_equal,p_select_best,1.0,,1.0
A/B,S2-017,3.0,0.01,0.5,all_equal,reporting_bias_mean,3.834289621594407e-05,,9.965521434541533e-05
A/B,S2-017,3.0,0.01,0.5,all_equal,winner_instability,0.6598999999999999,,0.6598999999999999
A/B,S2-017,3.0,0.01,0.5,all_equal,one_se_regret_mean,0.0,,
A/B,S2-017,3.0,0.01,0.5,all_equal,oracle_bound_ratio,0.4060003039149635,,0.4060003039149635
A/B,S2-021,3.0,0.01,0.9,all_equal,oracle_optimism_mean,0.0027188856667049,0.0148230380736751,9.76728810470311e-05
A/B,S2-021,3.0,0.01,0.9,all_equal,regret_mean,0.0,,0.0
A/B,S2-021,3.0,0.01,0.9,all_equal,p_select_best,1.0,,1.0
A/B,S2-021,3.0,0.01,0.9,all_equal,reporting_bias_mean,5.976419523707204e-05,,9.966527906326302e-05
A/B,S2-021,3.0,0.01,0.9,all_equal,winner_instability,0.6656,,0.6656
A/B,S2-021,3.0,0.01,0.9,all_equal,one_se_regret_mean,0.0,,
A/B,S2-021,3.0,0.01,0.9,all_equal,oracle_bound_ratio,0.1834229699196074,,0.1834229699196074
A/B,S2-025,3.0,0.03,0.0,all_equal,oracle_optimism_mean,0.0249663177221136,0.0444691142210253,0.0002245024419137
A/B,S2-025,3.0,0.03,0.0,all_equal,regret_mean,0.0,,0.0
A/B,S2-025,3.0,0.03,0.0,all_equal,p_select_best,1.0,,1.0
A/B,S2-025,3.0,0.03,0.0,all_equal,reporting_bias_mean,-0.000251476257849,,0.0003019435722291
A/B,S2-025,3.0,0.03,0.0,all_equal,winner_instability,0.6621,,0.6621
A/B,S2-025,3.0,0.03,0.0,all_equal,one_se_regret_mean,0.0,,
A/B,S2-025,3.0,0.03,0.0,all_equal,oracle_bound_ratio,0.5614305155264242,,0.5614305155264242
A/B,S2-029,3.0,0.03,0.5,all_equal,oracle_optimism_mean,0.018138094842567,0.0444691142210253,0.0002690974708617
A/B,S2-029,3.0,0.03,0.5,all_equal,regret_mean,0.0,,0.0
A/B,S2-029,3.0,0.03,0.5,all_equal,p_select_best,1.0,,1.0
A/B,S2-029,3.0,0.03,0.5,all_equal,reporting_bias_mean,0.0001570061266773,,0.0003018591660874
A/B,S2-029,3.0,0.03,0.5,all_equal,winner_instability,0.6599999999999999,,0.6599999999999999
A/B,S2-029,3.0,0.03,0.5,all_equal,one_se_regret_mean,0.0,,
A/B,S2-029,3.0,0.03,0.5,all_equal,oracle_bound_ratio,0.4078807316110474,,0.4078807316110474
A/B,S2-033,3.0,0.03,0.9,all_equal,oracle_optimism_mean,0.0080582744414824,0.0444691142210253,0.0002937168943744
A/B,S2-033,3.0,0.03,0.9,all_equal,regret_mean,0.0,,0.0
A/B,S2-033,3.0,0.03,0.9,all_equal,p_select_best,1.0,,1.0
A/B,S2-033,3.0,0.03,0.9,all_equal,reporting_bias_mean,9.577321092924284e-05,,0.0003011493009257
A/B,S2-033,3.0,0.03,0.9,all_equal,winner_instability,0.6634,,0.6634
A/B,S2-033,3.0,0.03,0.9,all_equal,one_se_regret_mean,0.0,,
A/B,S2-033,3.0,0.03,0.9,all_equal,oracle_bound_ratio,0.1812105903758346,,0.1812105903758346
A/B,S2-037,8.0,0.005,0.0,all_equal,oracle_optimism_mean,0.0070865165845036,0.010196669901688,3.0475401142525124e-05
A/B,S2-037,8.0,0.005,0.0,all_equal,regret_mean,0.0,,0.0
A/B,S2-037,8.0,0.005,0.0,all_equal,p_select_best,1.0,,1.0
A/B,S2-037,8.0,0.005,0.0,all_equal,reporting_bias_mean,-6.412919769946676e-06,,5.023044585321312e-05
A/B,S2-037,8.0,0.005,0.0,all_equal,winner_instability,0.8702,,0.8702
A/B,S2-037,8.0,0.005,0.0,all_equal,one_se_regret_mean,0.0,,
A/B,S2-037,8.0,0.005,0.0,all_equal,oracle_bound_ratio,0.6949834262390351,,0.6949834262390351
A/B,S2-041,8.0,0.005,0.5,all_equal,oracle_optimism_mean,0.0050157108737178,0.010196669901688,4.2013247858051546e-05
A/B,S2-041,8.0,0.005,0.5,all_equal,regret_mean,0.0,,0.0
A/B,S2-041,8.0,0.005,0.5,all_equal,p_select_best,1.0,,1.0
A/B,S2-041,8.0,0.005,0.5,all_equal,reporting_bias_mean,-3.2959112902921334e-05,,5.0455895000357514e-05
A/B,S2-041,8.0,0.005,0.5,all_equal,winner_instability,0.8706,,0.8706
A/B,S2-041,8.0,0.005,0.5,all_equal,one_se_regret_mean,0.0,,
A/B,S2-041,8.0,0.005,0.5,all_equal,oracle_bound_ratio,0.4918969547977146,,0.4918969547977146
A/B,S2-045,8.0,0.005,0.9,all_equal,oracle_optimism_mean,0.0022868491393399,0.010196669901688,4.850327618995979e-05
A/B,S2-045,8.0,0.005,0.9,all_equal,regret_mean,0.0,,0.0
A/B,S2-045,8.0,0.005,0.9,all_equal,p_select_best,1.0,,1.0
A/B,S2-045,8.0,0.005,0.9,all_equal,reporting_bias_mean,4.1828835575494585e-05,,5.0202653516144335e-05
A/B,S2-045,8.0,0.005,0.9,all_equal,winner_instability,0.8723,,0.8723
A/B,S2-045,8.0,0.005,0.9,all_equal,one_se_regret_mean,0.0,,
A/B,S2-045,8.0,0.005,0.9,all_equal,oracle_bound_ratio,0.2242741170782967,,0.2242741170782967
A/B,S2-049,8.0,0.01,0.0,all_equal,oracle_optimism_mean,0.0142752705876339,0.0203933398033761,6.110070911030217e-05
A/B,S2-049,8.0,0.01,0.0,all_equal,regret_mean,0.0,,0.0
A/B,S2-049,8.0,0.01,0.0,all_equal,p_select_best,1.0,,1.0
A/B,S2-049,8.0,0.01,0.0,all_equal,reporting_bias_mean,7.509163261751376e-05,,0.0001001270172893
A/B,S2-049,8.0,0.01,0.0,all_equal,winner_instability,0.8681,,0.8681
A/B,S2-049,8.0,0.01,0.0,all_equal,one_se_regret_mean,0.0,,
A/B,S2-049,8.0,0.01,0.0,all_equal,oracle_bound_ratio,0.6999967011421371,,0.6999967011421371
A/B,S2-053,8.0,0.01,0.5,all_equal,oracle_optimism_mean,0.0100327822035154,0.0203933398033761,8.227021493865335e-05
A/B,S2-053,8.0,0.01,0.5,all_equal,regret_mean,0.0,,0.0
A/B,S2-053,8.0,0.01,0.5,all_equal,p_select_best,1.0,,1.0
A/B,S2-053,8.0,0.01,0.5,all_equal,reporting_bias_mean,-8.953092828554974e-05,,0.0001000525582302
A/B,S2-053,8.0,0.01,0.5,all_equal,winner_instability,0.8697,,0.8697
A/B,S2-053,8.0,0.01,0.5,all_equal,one_se_regret_mean,0.0,,
A/B,S2-053,8.0,0.01,0.5,all_equal,oracle_bound_ratio,0.4919636656009883,,0.4919636656009883
A/B,S2-057,8.0,0.01,0.9,all_equal,oracle_optimism_mean,0.0044174008595648,0.0203933398033761,9.659219435656696e-05
A/B,S2-057,8.0,0.01,0.9,all_equal,regret_mean,0.0,,0.0
A/B,S2-057,8.0,0.01,0.9,all_equal,p_select_best,1.0,,1.0
A/B,S2-057,8.0,0.01,0.9,all_equal,reporting_bias_mean,-9.123140543127752e-05,,9.924188607592824e-05
A/B,S2-057,8.0,0.01,0.9,all_equal,winner_instability,0.8718,,0.8718
A/B,S2-057,8.0,0.01,0.9,all_equal,one_se_regret_mean,0.0,,
A/B,S2-057,8.0,0.01,0.9,all_equal,oracle_bound_ratio,0.2166099766960949,,0.2166099766960949
A/B,S2-061,8.0,0.03,0.0,all_equal,oracle_optimism_mean,0.0424914790255332,0.0611800194101285,0.00018504777372
A/B,S2-061,8.0,0.03,0.0,all_equal,regret_mean,0.0,,0.0
A/B,S2-061,8.0,0.03,0.0,all_equal,p_select_best,1.0,,1.0
A/B,S2-061,8.0,0.03,0.0,all_equal,reporting_bias_mean,-0.0002354321432133,,0.000299525985434
A/B,S2-061,8.0,0.03,0.0,all_equal,winner_instability,0.8705,,0.8705
A/B,S2-061,8.0,0.03,0.0,all_equal,one_se_regret_mean,0.0,,
A/B,S2-061,8.0,0.03,0.0,all_equal,oracle_bound_ratio,0.6945319637884698,,0.6945319637884698
A/B,S2-065,8.0,0.03,0.5,all_equal,oracle_optimism_mean,0.0298404775584908,0.0611800194101285,0.0002494426551186
A/B,S2-065,8.0,0.03,0.5,all_equal,regret_mean,0.0,,0.0
A/B,S2-065,8.0,0.03,0.5,all_equal,p_select_best,1.0,,1.0
A/B,S2-065,8.0,0.03,0.5,all_equal,reporting_bias_mean,-0.0005468824460756,,0.0003001321445293
A/B,S2-065,8.0,0.03,0.5,all_equal,winner_instability,0.8729,,0.8729
A/B,S2-065,8.0,0.03,0.5,all_equal,one_se_regret_mean,0.0,,
A/B,S2-065,8.0,0.03,0.5,all_equal,oracle_bound_ratio,0.487748742909857,,0.487748742909857
A/B,S2-069,8.0,0.03,0.9,all_equal,oracle_optimism_mean,0.0136183021605123,0.0611800194101285,0.0002923038007103
A/B,S2-069,8.0,0.03,0.9,all_equal,regret_mean,0.0,,0.0
A/B,S2-069,8.0,0.03,0.9,all_equal,p_select_best,1.0,,1.0
A/B,S2-069,8.0,0.03,0.9,all_equal,reporting_bias_mean,0.0001181437469012,,0.0003014092745312
A/B,S2-069,8.0,0.03,0.9,all_equal,winner_instability,0.8674,,0.8674
A/B,S2-069,8.0,0.03,0.9,all_equal,one_se_regret_mean,0.0,,
A/B,S2-069,8.0,0.03,0.9,all_equal,oracle_bound_ratio,0.2225939496556915,,0.2225939496556915
A/B,S2-073,24.0,0.005,0.0,all_equal,oracle_optimism_mean,0.0097325528636395,0.0126056610900578,2.5804434054976924e-05
A/B,S2-073,24.0,0.005,0.0,all_equal,regret_mean,0.0,,0.0
A/B,S2-073,24.0,0.005,0.0,all_equal,p_select_best,1.0,,1.0
A/B,S2-073,24.0,0.005,0.0,all_equal,reporting_bias_mean,-4.367558571e-05,,5.056703444675616e-05
A/B,S2-073,24.0,0.005,0.0,all_equal,winner_instability,0.9553,,0.9553
A/B,S2-073,24.0,0.005,0.0,all_equal,one_se_regret_mean,0.0,,
A/B,S2-073,24.0,0.005,0.0,all_equal,oracle_bound_ratio,0.7720779413398406,,0.7720779413398406
A/B,S2-077,24.0,0.005,0.5,all_equal,oracle_optimism_mean,0.006932698410408,0.0126056610900578,3.990638671428528e-05
A/B,S2-077,24.0,0.005,0.5,all_equal,regret_mean,0.0,,0.0
A/B,S2-077,24.0,0.005,0.5,all_equal,p_select_best,1.0,,1.0
A/B,S2-077,24.0,0.005,0.5,all_equal,reporting_bias_mean,5.379680532008037e-05,,4.987086503593585e-05
A/B,S2-077,24.0,0.005,0.5,all_equal,winner_instability,0.9538,,0.9538
A/B,S2-077,24.0,0.005,0.5,all_equal,one_se_regret_mean,0.0,,
A/B,S2-077,24.0,0.005,0.5,all_equal,oracle_bound_ratio,0.5499670632804792,,0.5499670632804792
A/B,S2-081,24.0,0.005,0.9,all_equal,oracle_optimism_mean,0.0030639767179901,0.0126056610900578,4.783844481180534e-05
A/B,S2-081,24.0,0.005,0.9,all_equal,regret_mean,0.0,,0.0
A/B,S2-081,24.0,0.005,0.9,all_equal,p_select_best,1.0,,1.0
A/B,S2-081,24.0,0.005,0.9,all_equal,reporting_bias_mean,-2.2722610242684716e-05,,4.9835007135909146e-05
A/B,S2-081,24.0,0.005,0.9,all_equal,winner_instability,0.9553,,0.9553
A/B,S2-081,24.0,0.005,0.9,all_equal,one_se_regret_mean,0.0,,
A/B,S2-081,24.0,0.005,0.9,all_equal,oracle_bound_ratio,0.243063548678672,,0.243063548678672
A/B,S2-085,24.0,0.01,0.0,all_equal,oracle_optimism_mean,0.0194615111892633,0.0252113221801156,5.179876390189271e-05
A/B,S2-085,24.0,0.01,0.0,all_equal,regret_mean,0.0,,0.0
A/B,S2-085,24.0,0.01,0.0,all_equal,p_select_best,1.0,,1.0
A/B,S2-085,24.0,0.01,0.0,all_equal,reporting_bias_mean,1.259692299177042e-05,,9.967794903557486e-05
A/B,S2-085,24.0,0.01,0.0,all_equal,winner_instability,0.9529,,0.9529
A/B,S2-085,24.0,0.01,0.0,all_equal,one_se_regret_mean,0.0,,
A/B,S2-085,24.0,0.01,0.0,all_equal,oracle_bound_ratio,0.7719353650009212,,0.7719353650009212
A/B,S2-089,24.0,0.01,0.5,all_equal,oracle_optimism_mean,0.0136977134989915,0.0252113221801156,7.832691799993769e-05
A/B,S2-089,24.0,0.01,0.5,all_equal,regret_mean,0.0,,0.0
A/B,S2-089,24.0,0.01,0.5,all_equal,p_select_best,1.0,,1.0
A/B,S2-089,24.0,0.01,0.5,all_equal,reporting_bias_mean,-0.0001274404728198,,9.872383220772624e-05
A/B,S2-089,24.0,0.01,0.5,all_equal,winner_instability,0.9547,,0.9547
A/B,S2-089,24.0,0.01,0.5,all_equal,one_se_regret_mean,0.0,,
A/B,S2-089,24.0,0.01,0.5,all_equal,oracle_bound_ratio,0.5433159515051151,,0.5433159515051151
A/B,S2-093,24.0,0.01,0.9,all_equal,oracle_optimism_mean,0.0061295173382884,0.0252113221801156,9.654519806401834e-05
A/B,S2-093,24.0,0.01,0.9,all_equal,regret_mean,0.0,,0.0
A/B,S2-093,24.0,0.01,0.9,all_equal,p_select_best,1.0,,1.0
A/B,S2-093,24.0,0.01,0.9,all_equal,reporting_bias_mean,-6.805862367247863e-05,,0.0001004915794188
A/B,S2-093,24.0,0.01,0.9,all_equal,winner_instability,0.9542,,0.9542
A/B,S2-093,24.0,0.01,0.9,all_equal,one_se_regret_mean,0.0,,
A/B,S2-093,24.0,0.01,0.9,all_equal,oracle_bound_ratio,0.2431255804236561,,0.2431255804236561
A/B,S2-097,24.0,0.03,0.0,all_equal,oracle_optimism_mean,0.0586112999432694,0.0756339665403468,0.0001546466441512
A/B,S2-097,24.0,0.03,0.0,all_equal,regret_mean,0.0,,0.0
A/B,S2-097,24.0,0.03,0.0,all_equal,p_select_best,1.0,,1.0
A/B,S2-097,24.0,0.03,0.0,all_equal,reporting_bias_mean,0.0005870773174786,,0.0002965397109699
A/B,S2-097,24.0,0.03,0.0,all_equal,winner_instability,0.956,,0.956
A/B,S2-097,24.0,0.03,0.0,all_equal,one_se_regret_mean,0.0,,
A/B,S2-097,24.0,0.03,0.0,all_equal,oracle_bound_ratio,0.7749335731586062,,0.7749335731586062
A/B,S2-101,24.0,0.03,0.5,all_equal,oracle_optimism_mean,0.041589661757124,0.0756339665403468,0.0002387844398378
A/B,S2-101,24.0,0.03,0.5,all_equal,regret_mean,0.0,,0.0
A/B,S2-101,24.0,0.03,0.5,all_equal,p_select_best,1.0,,1.0
A/B,S2-101,24.0,0.03,0.5,all_equal,reporting_bias_mean,-9.207640447435936e-05,,0.0002969615849279
A/B,S2-101,24.0,0.03,0.5,all_equal,winner_instability,0.9556,,0.9556
A/B,S2-101,24.0,0.03,0.5,all_equal,one_se_regret_mean,0.0,,
A/B,S2-101,24.0,0.03,0.5,all_equal,oracle_bound_ratio,0.5498807435272899,,0.5498807435272899
A/B,S2-105,24.0,0.03,0.9,all_equal,oracle_optimism_mean,0.018173190969567,0.0756339665403468,0.0002895282751284
A/B,S2-105,24.0,0.03,0.9,all_equal,regret_mean,0.0,,0.0
A/B,S2-105,24.0,0.03,0.9,all_equal,p_select_best,1.0,,1.0
A/B,S2-105,24.0,0.03,0.9,all_equal,reporting_bias_mean,-0.0002335142593921,,0.0002992465482085
A/B,S2-105,24.0,0.03,0.9,all_equal,winner_instability,0.9539,,0.9539
A/B,S2-105,24.0,0.03,0.9,all_equal,one_se_regret_mean,0.0,,
A/B,S2-105,24.0,0.03,0.9,all_equal,oracle_bound_ratio,0.2402781686700583,,0.2402781686700583
A/B,S2-109,72.0,0.005,0.0,all_equal,oracle_optimism_mean,0.0119445711224577,0.0146230402430822,2.2398505152593175e-05
A/B,S2-109,72.0,0.005,0.0,all_equal,regret_mean,0.0,,0.0
A/B,S2-109,72.0,0.005,0.0,all_equal,p_select_best,1.0,,1.0
A/B,S2-109,72.0,0.005,0.0,all_equal,reporting_bias_mean,2.5600966681803367e-05,,4.990134611167545e-05
A/B,S2-109,72.0,0.005,0.0,all_equal,winner_instability,0.984,,0.984
A/B,S2-109,72.0,0.005,0.0,all_equal,one_se_regret_mean,0.0,,
A/B,S2-109,72.0,0.005,0.0,all_equal,oracle_bound_ratio,0.8168322677022223,,0.8168322677022223
A/B,S2-113,72.0,0.005,0.5,all_equal,oracle_optimism_mean,0.0084618263084364,0.0146230402430822,3.8705425752280595e-05
A/B,S2-113,72.0,0.005,0.5,all_equal,regret_mean,0.0,,0.0
A/B,S2-113,72.0,0.005,0.5,all_equal,p_select_best,1.0,,1.0
A/B,S2-113,72.0,0.005,0.5,all_equal,reporting_bias_mean,-7.032919527284619e-05,,5.012694409611555e-05
A/B,S2-113,72.0,0.005,0.5,all_equal,winner_instability,0.9834,,0.9834
A/B,S2-113,72.0,0.005,0.5,all_equal,one_se_regret_mean,0.0,,
A/B,S2-113,72.0,0.005,0.5,all_equal,oracle_bound_ratio,0.5786639554958164,,0.5786639554958164
A/B,S2-117,72.0,0.005,0.9,all_equal,oracle_optimism_mean,0.0038650989712218,0.0146230402430822,4.831541768566555e-05
A/B,S2-117,72.0,0.005,0.9,all_equal,regret_mean,0.0,,0.0
A/B,S2-117,72.0,0.005,0.9,all_equal,p_select_best,1.0,,1.0
A/B,S2-117,72.0,0.005,0.9,all_equal,reporting_bias_mean,3.232974120404235e-05,,5.058896583526656e-05
A/B,S2-117,72.0,0.005,0.9,all_equal,winner_instability,0.9835,,0.9835
A/B,S2-117,72.0,0.005,0.9,all_equal,one_se_regret_mean,0.0,,
A/B,S2-117,72.0,0.005,0.9,all_equal,oracle_bound_ratio,0.2643156899640155,,0.2643156899640155
A/B,S2-121,72.0,0.01,0.0,all_equal,oracle_optimism_mean,0.0238952274278749,0.0292460804861644,4.458615152481882e-05
A/B,S2-121,72.0,0.01,0.0,all_equal,regret_mean,0.0,,0.0
A/B,S2-121,72.0,0.01,0.0,all_equal,p_select_best,1.0,,1.0
A/B,S2-121,72.0,0.01,0.0,all_equal,reporting_bias_mean,-7.039269126030732e-05,,0.0001001828722868
A/B,S2-121,72.0,0.01,0.0,all_equal,winner_instability,0.9835,,0.9835
A/B,S2-121,72.0,0.01,0.0,all_equal,one_se_regret_mean,0.0,,
A/B,S2-121,72.0,0.01,0.0,all_equal,oracle_bound_ratio,0.8170403360265348,,0.8170403360265348
A/B,S2-125,72.0,0.01,0.5,all_equal,oracle_optimism_mean,0.0167501279420392,0.0292460804861644,7.76491833969594e-05
A/B,S2-125,72.0,0.01,0.5,all_equal,regret_mean,0.0,,0.0
A/B,S2-125,72.0,0.01,0.5,all_equal,p_select_best,1.0,,1.0
A/B,S2-125,72.0,0.01,0.5,all_equal,reporting_bias_mean,-0.0002215722260959,,0.000100191120647
A/B,S2-125,72.0,0.01,0.5,all_equal,winner_instability,0.9838,,0.9838
A/B,S2-125,72.0,0.01,0.5,all_equal,one_se_regret_mean,0.0,,
A/B,S2-125,72.0,0.01,0.5,all_equal,oracle_bound_ratio,0.5727306929201411,,0.5727306929201411
A/B,S2-129,72.0,0.01,0.9,all_equal,oracle_optimism_mean,0.0076535671965799,0.0292460804861644,9.603905750380386e-05
A/B,S2-129,72.0,0.01,0.9,all_equal,regret_mean,0.0,,0.0
A/B,S2-129,72.0,0.01,0.9,all_equal,p_select_best,1.0,,1.0
A/B,S2-129,72.0,0.01,0.9,all_equal,reporting_bias_mean,6.899033300691889e-05,,9.999712089173972e-05
A/B,S2-129,72.0,0.01,0.9,all_equal,winner_instability,0.9828,,0.9828
A/B,S2-129,72.0,0.01,0.9,all_equal,one_se_regret_mean,0.0,,
A/B,S2-129,72.0,0.01,0.9,all_equal,oracle_bound_ratio,0.2616954842957718,,0.2616954842957718
A/B,S2-133,72.0,0.03,0.0,all_equal,oracle_optimism_mean,0.0713947781489237,0.0877382414584934,0.0001313745782736
A/B,S2-133,72.0,0.03,0.0,all_equal,regret_mean,0.0,,0.0
A/B,S2-133,72.0,0.03,0.0,all_equal,p_select_best,1.0,,1.0
A/B,S2-133,72.0,0.03,0.0,all_equal,reporting_bias_mean,0.0002419710032323,,0.0003012786277789
A/B,S2-133,72.0,0.03,0.0,all_equal,winner_instability,0.9833,,0.9833
A/B,S2-133,72.0,0.03,0.0,all_equal,one_se_regret_mean,0.0,,
A/B,S2-133,72.0,0.03,0.0,all_equal,oracle_bound_ratio,0.8137247449015568,,0.8137247449015568
A/B,S2-137,72.0,0.03,0.5,all_equal,oracle_optimism_mean,0.0507322020569674,0.0877382414584934,0.0002300416338575
A/B,S2-137,72.0,0.03,0.5,all_equal,regret_mean,0.0,,0.0
A/B,S2-137,72.0,0.03,0.5,all_equal,p_select_best,1.0,,1.0
A/B,S2-137,72.0,0.03,0.5,all_equal,reporting_bias_mean,0.0002411112058706,,0.0002994724257712
A/B,S2-137,72.0,0.03,0.5,all_equal,winner_instability,0.9822,,0.9822
A/B,S2-137,72.0,0.03,0.5,all_equal,one_se_regret_mean,0.0,,
A/B,S2-137,72.0,0.03,0.5,all_equal,oracle_bound_ratio,0.5782222348389265,,0.5782222348389265
A/B,S2-141,72.0,0.03,0.9,all_equal,oracle_optimism_mean,0.0226314660414371,0.0877382414584934,0.0002859126105359
A/B,S2-141,72.0,0.03,0.9,all_equal,regret_mean,0.0,,0.0
A/B,S2-141,72.0,0.03,0.9,all_equal,p_select_best,1.0,,1.0
A/B,S2-141,72.0,0.03,0.9,all_equal,reporting_bias_mean,-4.5234349393882656e-05,,0.0002964691452118
A/B,S2-141,72.0,0.03,0.9,all_equal,winner_instability,0.9828,,0.9828
A/B,S2-141,72.0,0.03,0.9,all_equal,one_se_regret_mean,0.0,,
A/B,S2-141,72.0,0.03,0.9,all_equal,oracle_bound_ratio,0.2579430094019321,,0.2579430094019321
A/B,S2-145,216.0,0.005,0.0,all_equal,oracle_optimism_mean,0.0138601639259386,0.0163940208729953,1.971460621645155e-05
A/B,S2-145,216.0,0.005,0.0,all_equal,regret_mean,0.0,,0.0
A/B,S2-145,216.0,0.005,0.0,all_equal,p_select_best,1.0,,1.0
A/B,S2-145,216.0,0.005,0.0,all_equal,reporting_bias_mean,-4.7357692526070385e-05,,4.990078283592231e-05
A/B,S2-145,216.0,0.005,0.0,all_equal,winner_instability,0.9934,,0.9934
A/B,S2-145,216.0,0.005,0.0,all_equal,one_se_regret_mean,0.0,,
A/B,S2-145,216.0,0.005,0.0,all_equal,oracle_bound_ratio,0.8454401780571975,,0.8454401780571975
A/B,S2-149,216.0,0.005,0.5,all_equal,oracle_optimism_mean,0.009813014916644,0.0163940208729953,3.8236176485212544e-05
A/B,S2-149,216.0,0.005,0.5,all_equal,regret_mean,0.0,,0.0
A/B,S2-149,216.0,0.005,0.5,all_equal,p_select_best,1.0,,1.0
A/B,S2-149,216.0,0.005,0.5,all_equal,reporting_bias_mean,1.782393595593303e-05,,5.029278996280467e-05
A/B,S2-149,216.0,0.005,0.5,all_equal,winner_instability,0.9937,,0.9937
A/B,S2-149,216.0,0.005,0.5,all_equal,one_se_regret_mean,0.0,,
A/B,S2-149,216.0,0.005,0.5,all_equal,oracle_bound_ratio,0.5985727963057702,,0.5985727963057702
A/B,S2-153,216.0,0.005,0.9,all_equal,oracle_optimism_mean,0.0043743339572606,0.0163940208729953,4.782313176276283e-05
A/B,S2-153,216.0,0.005,0.9,all_equal,regret_mean,0.0,,0.0
A/B,S2-153,216.0,0.005,0.9,all_equal,p_select_best,1.0,,1.0
A/B,S2-153,216.0,0.005,0.9,all_equal,reporting_bias_mean,-1.182451505718585e-05,,5.006709410662024e-05
A/B,S2-153,216.0,0.005,0.9,all_equal,winner_instability,0.9933,,0.9933
A/B,S2-153,216.0,0.005,0.9,all_equal,one_se_regret_mean,0.0,,
A/B,S2-153,216.0,0.005,0.9,all_equal,oracle_bound_ratio,0.2668249596086648,,0.2668249596086648
A/B,S2-157,216.0,0.01,0.0,all_equal,oracle_optimism_mean,0.0277332586062092,0.0327880417459907,3.939547500086846e-05
A/B,S2-157,216.0,0.01,0.0,all_equal,regret_mean,0.0,,0.0
A/B,S2-157,216.0,0.01,0.0,all_equal,p_select_best,1.0,,1.0
A/B,S2-157,216.0,0.01,0.0,all_equal,reporting_bias_mean,5.123590132453637e-05,,9.917106378311788e-05
A/B,S2-157,216.0,0.01,0.0,all_equal,winner_instability,0.9936,,0.9936
A/B,S2-157,216.0,0.01,0.0,all_equal,one_se_regret_mean,0.0,,
A/B,S2-157,216.0,0.01,0.0,all_equal,oracle_bound_ratio,0.8458345521534674,,0.8458345521534674
A/B,S2-161,216.0,0.01,0.5,all_equal,oracle_optimism_mean,0.0195298252443084,0.0327880417459907,7.762181600515855e-05
A/B,S2-161,216.0,0.01,0.5,all_equal,regret_mean,0.0,,0.0
A/B,S2-161,216.0,0.01,0.5,all_equal,p_select_best,1.0,,1.0
A/B,S2-161,216.0,0.01,0.5,all_equal,reporting_bias_mean,-7.883231940811986e-05,,0.0001008985466982
A/B,S2-161,216.0,0.01,0.5,all_equal,winner_instability,0.9936,,0.9936
A/B,S2-161,216.0,0.01,0.5,all_equal,one_se_regret_mean,0.0,,
A/B,S2-161,216.0,0.01,0.5,all_equal,oracle_bound_ratio,0.5956386598384293,,0.5956386598384293
A/B,S2-165,216.0,0.01,0.9,all_equal,oracle_optimism_mean,0.0086803644054344,0.0327880417459907,9.583456753006812e-05
A/B,S2-165,216.0,0.01,0.9,all_equal,regret_mean,0.0,,0.0
A/B,S2-165,216.0,0.01,0.9,all_equal,p_select_best,1.0,,1.0
A/B,S2-165,216.0,0.01,0.9,all_equal,reporting_bias_mean,-5.062295137079944e-05,,0.0001003957898136
A/B,S2-165,216.0,0.01,0.9,all_equal,winner_instability,0.9938,,0.9938
A/B,S2-165,216.0,0.01,0.9,all_equal,one_se_regret_mean,0.0,,
A/B,S2-165,216.0,0.01,0.9,all_equal,oracle_bound_ratio,0.2647417760621785,,0.2647417760621785
A/B,S2-169,216.0,0.03,0.0,all_equal,oracle_optimism_mean,0.0832921240686847,0.0983641252379722,0.0001204458144832
A/B,S2-169,216.0,0.03,0.0,all_equal,regret_mean,0.0,,0.0
A/B,S2-169,216.0,0.03,0.0,all_equal,p_select_best,1.0,,1.0
A/B,S2-169,216.0,0.03,0.0,all_equal,reporting_bias_mean,-5.121795567480495e-05,,0.0003004934695826
A/B,S2-169,216.0,0.03,0.0,all_equal,winner_instability,0.9931,,0.9931
A/B,S2-169,216.0,0.03,0.0,all_equal,one_se_regret_mean,0.0,,
A/B,S2-169,216.0,0.03,0.0,all_equal,oracle_bound_ratio,0.8467733929130778,,0.8467733929130778
A/B,S2-173,216.0,0.03,0.5,all_equal,oracle_optimism_mean,0.0586041327311417,0.0983641252379722,0.0002299045066113
A/B,S2-173,216.0,0.03,0.5,all_equal,regret_mean,0.0,,0.0
A/B,S2-173,216.0,0.03,0.5,all_equal,p_select_best,1.0,,1.0
A/B,S2-173,216.0,0.03,0.5,all_equal,reporting_bias_mean,-0.0005994424141551,,0.0002984961808692
A/B,S2-173,216.0,0.03,0.5,all_equal,winner_instability,0.9933,,0.9933
A/B,S2-173,216.0,0.03,0.5,all_equal,one_se_regret_mean,0.0,,
A/B,S2-173,216.0,0.03,0.5,all_equal,oracle_bound_ratio,0.5957876673976497,,0.5957876673976497
A/B,S2-177,216.0,0.03,0.9,all_equal,oracle_optimism_mean,0.0259305793636569,0.0983641252379722,0.0002857136913321
A/B,S2-177,216.0,0.03,0.9,all_equal,regret_mean,0.0,,0.0
A/B,S2-177,216.0,0.03,0.9,all_equal,p_select_best,1.0,,1.0
A/B,S2-177,216.0,0.03,0.9,all_equal,reporting_bias_mean,-0.0002115380779066,,0.0002975930511126
A/B,S2-177,216.0,0.03,0.9,all_equal,winner_instability,0.9935,,0.9935
A/B,S2-177,216.0,0.03,0.9,all_equal,one_se_regret_mean,0.0,,
A/B,S2-177,216.0,0.03,0.9,all_equal,oracle_bound_ratio,0.2636182581904036,,0.2636182581904036
C,S2-asym-sig0.005,,0.005,,,oracle_advantage_large_minus_small,0.0048631308478983,,
C,S2-asym-sig0.01,,0.01,,,oracle_advantage_large_minus_small,0.0097262616957967,,
C,S2-asym-sig0.03,,0.03,,,oracle_advantage_large_minus_small,0.0291787850873901,,
