M,K,n_train,encoder,learner,encoded_width,eta_table_s,encode_s,fit_s,eval_s,cell_s,peak_rss_mb,learner_shortfall_sanity,status
5,4,500,label,logistic,5,0.000305,0.0033,0.0605,0.054,0.1156,202.7,0.074548,SUCCESS
5,4,500,label,lightgbm,5,0.000305,0.0033,0.0696,0.6367,0.7073,212.7,0.09443,SUCCESS
5,4,500,label,mlp,5,0.000305,0.0033,0.028,0.0596,0.0887,220.9,0.079894,SUCCESS
5,4,500,onehot,logistic,25,0.000305,0.0009,0.0012,0.0427,0.0441,224.2,0.071109,SUCCESS
5,4,500,onehot,lightgbm,25,0.000305,0.0009,0.0204,0.6886,0.7093,224.5,0.080667,SUCCESS
5,4,500,onehot,mlp,25,0.000305,0.0009,0.0335,0.0486,0.0825,224.8,0.072272,SUCCESS
5,4,500,count,logistic,5,0.000305,0.0034,0.0011,0.0289,0.0311,225.0,0.075082,SUCCESS
5,4,500,count,lightgbm,5,0.000305,0.0034,0.0191,0.579,0.5993,225.0,0.09701,SUCCESS
5,4,500,count,mlp,5,0.000305,0.0034,0.0296,0.035,0.0656,225.1,0.082617,SUCCESS
5,4,500,hash_column,logistic,20,0.000305,0.0006,0.0014,0.0573,0.0589,225.1,0.088222,SUCCESS
5,4,500,hash_column,lightgbm,20,0.000305,0.0006,0.0199,0.5879,0.608,225.5,0.102705,SUCCESS
5,4,500,hash_column,mlp,20,0.000305,0.0006,0.0304,0.0616,0.0922,225.6,0.102228,SUCCESS
5,4,500,hash_shared,logistic,20,0.000305,0.0006,0.0011,0.0555,0.0568,225.6,0.109706,SUCCESS
5,4,500,hash_shared,lightgbm,20,0.000305,0.0006,0.0178,0.4502,0.4683,225.7,0.149672,SUCCESS
5,4,500,hash_shared,mlp,20,0.000305,0.0006,0.0167,0.0617,0.0786,225.7,0.123074,SUCCESS
5,4,500,target,logistic,5,0.000305,0.017,0.001,0.0308,0.0375,226.1,0.080164,SUCCESS
5,4,500,target,lightgbm,5,0.000305,0.017,0.0228,0.797,0.8255,226.6,0.161424,SUCCESS
5,4,500,target,mlp,5,0.000305,0.017,0.0337,0.0371,0.0764,226.6,0.079032,SUCCESS
5,4,500,woe,logistic,5,0.000305,0.024,0.001,0.0297,0.0387,226.7,0.07756,SUCCESS
5,4,500,woe,lightgbm,5,0.000305,0.024,0.0238,0.801,0.8328,226.8,0.185012,SUCCESS
5,4,500,woe,mlp,5,0.000305,0.024,0.0393,0.035,0.0823,226.8,0.075757,SUCCESS
5,4,500,ordered_catboost_sim,logistic,5,0.000305,0.0146,0.0011,0.0313,0.0372,226.8,0.082503,SUCCESS
5,4,500,ordered_catboost_sim,lightgbm,5,0.000305,0.0146,0.0351,0.9308,0.9708,227.1,0.273372,SUCCESS
5,4,500,ordered_catboost_sim,mlp,5,0.000305,0.0146,0.0227,0.0369,0.0645,227.1,0.104844,SUCCESS
5,4,500,homals,logistic,10,0.000305,0.05,0.0012,0.0753,0.0932,227.3,0.122766,SUCCESS
5,4,500,homals,lightgbm,10,0.000305,0.05,0.0224,0.7141,0.7532,227.5,0.083719,SUCCESS
5,4,500,homals,mlp,10,0.000305,0.05,0.0159,0.0733,0.1059,227.5,0.14368,SUCCESS
5,4,5000,label,logistic,5,0.000305,0.0066,0.0018,0.0539,0.0579,227.5,0.067803,SUCCESS
5,4,5000,label,lightgbm,5,0.000305,0.0066,0.069,0.595,0.6662,233.1,0.024482,SUCCESS
5,4,5000,label,mlp,5,0.000305,0.0066,0.5209,0.2169,0.7399,233.5,0.025479,SUCCESS
5,4,5000,onehot,logistic,25,0.000305,0.0099,0.005,0.0555,0.0637,233.5,0.053196,SUCCESS
5,4,5000,onehot,lightgbm,25,0.000305,0.0099,0.088,0.6616,0.7529,233.5,0.023404,SUCCESS
5,4,5000,onehot,mlp,25,0.000305,0.0099,0.205,0.0532,0.2615,233.5,0.021636,SUCCESS
5,4,5000,count,logistic,5,0.000305,0.0057,0.002,0.032,0.0359,233.5,0.064634,SUCCESS
5,4,5000,count,lightgbm,5,0.000305,0.0057,0.0746,0.55,0.6265,233.5,0.024791,SUCCESS
5,4,5000,count,mlp,5,0.000305,0.0057,0.2898,0.0359,0.3277,233.5,0.0358,SUCCESS
5,4,5000,hash_column,logistic,20,0.000305,0.0049,0.0033,0.0571,0.0621,233.5,0.074605,SUCCESS
5,4,5000,hash_column,lightgbm,20,0.000305,0.0049,0.102,0.6689,0.7725,233.5,0.052536,SUCCESS
5,4,5000,hash_column,mlp,20,0.000305,0.0049,0.2376,0.0637,0.3029,233.5,0.045397,SUCCESS
5,4,5000,hash_shared,logistic,20,0.000305,0.005,0.0022,0.0563,0.0602,233.5,0.104854,SUCCESS
5,4,5000,hash_shared,lightgbm,20,0.000305,0.005,0.1065,0.7285,0.8367,233.5,0.103259,SUCCESS
5,4,5000,hash_shared,mlp,20,0.000305,0.005,0.1258,0.0629,0.1903,233.5,0.101836,SUCCESS
5,4,5000,target,logistic,5,0.000305,0.0252,0.0019,0.0344,0.0447,233.5,0.053129,SUCCESS
5,4,5000,target,lightgbm,5,0.000305,0.0252,0.0774,0.6948,0.7806,233.5,0.023261,SUCCESS
5,4,5000,target,mlp,5,0.000305,0.0252,0.3114,0.0555,0.3753,233.5,0.03327,SUCCESS
5,4,5000,woe,logistic,5,0.000305,0.0377,0.002,0.0321,0.0467,233.5,0.053151,SUCCESS
5,4,5000,woe,lightgbm,5,0.000305,0.0377,0.094,0.6597,0.7662,233.5,0.025675,SUCCESS
5,4,5000,woe,mlp,5,0.000305,0.0377,0.2928,0.0388,0.3441,233.5,0.028267,SUCCESS
5,4,5000,ordered_catboost_sim,logistic,5,0.000305,0.6183,0.0117,0.3383,0.5561,233.5,0.053438,SUCCESS
5,4,5000,ordered_catboost_sim,lightgbm,5,0.000305,0.6183,0.5877,2.5561,3.3499,233.5,0.037074,SUCCESS
5,4,5000,ordered_catboost_sim,mlp,5,0.000305,0.6183,0.1983,0.0416,0.446,233.5,0.033327,SUCCESS
5,4,5000,homals,logistic,10,0.000305,0.4319,0.0039,0.104,0.2519,233.5,0.103843,SUCCESS
5,4,5000,homals,lightgbm,10,0.000305,0.4319,0.0957,0.6028,0.8425,233.5,0.025033,SUCCESS
5,4,5000,homals,mlp,10,0.000305,0.4319,0.1795,0.074,0.3974,233.5,0.027321,SUCCESS
5,12,500,label,logistic,5,0.004479,0.0012,0.001,0.0541,0.0555,233.5,0.122642,SUCCESS
5,12,500,label,lightgbm,5,0.004479,0.0012,0.0223,0.8385,0.8613,233.5,0.196879,SUCCESS
5,12,500,label,mlp,5,0.004479,0.0012,0.0169,0.0604,0.0777,233.5,0.139518,SUCCESS
5,12,500,onehot,logistic,65,0.004479,0.001,0.0016,0.0493,0.0513,233.5,0.148567,SUCCESS
5,12,500,onehot,lightgbm,65,0.004479,0.001,0.0208,0.9227,0.9438,233.5,0.133849,SUCCESS
5,12,500,onehot,mlp,65,0.004479,0.001,0.0228,0.0538,0.0769,233.5,0.146953,SUCCESS
5,12,500,count,logistic,5,0.004479,0.002,0.0011,0.0289,0.0306,233.5,0.106489,SUCCESS
5,12,500,count,lightgbm,5,0.004479,0.002,0.0222,0.8212,0.844,233.5,0.190892,SUCCESS
5,12,500,count,mlp,5,0.004479,0.002,0.0159,0.0351,0.0517,233.5,0.163154,SUCCESS
5,12,500,hash_column,logistic,60,0.004479,0.0007,0.0016,0.0652,0.0671,233.5,0.112141,SUCCESS
5,12,500,hash_column,lightgbm,60,0.004479,0.0007,0.0221,0.9201,0.9424,233.5,0.14541,SUCCESS
5,12,500,hash_column,mlp,60,0.004479,0.0007,0.0186,0.0693,0.0881,233.5,0.158261,SUCCESS
5,12,500,hash_shared,logistic,60,0.004479,0.0006,0.0012,0.0639,0.0654,233.5,0.140468,SUCCESS
5,12,500,hash_shared,lightgbm,60,0.004479,0.0006,0.0213,0.8065,0.828,233.5,0.209685,SUCCESS
5,12,500,hash_shared,mlp,60,0.004479,0.0006,0.0192,0.0704,0.0898,233.5,0.143842,SUCCESS
5,12,500,target,logistic,5,0.004479,0.0154,0.0011,0.031,0.0372,233.5,0.079997,SUCCESS
5,12,500,target,lightgbm,5,0.004479,0.0154,0.0254,0.9271,0.9576,233.5,0.200966,SUCCESS
5,12,500,target,mlp,5,0.004479,0.0154,0.0343,0.0398,0.0792,233.5,0.094485,SUCCESS
5,12,500,woe,logistic,5,0.004479,0.0248,0.0012,0.0294,0.0389,233.5,0.090285,SUCCESS
5,12,500,woe,lightgbm,5,0.004479,0.0248,0.0263,0.9665,1.001,233.5,0.19057,SUCCESS
5,12,500,woe,mlp,5,0.004479,0.0248,0.0396,0.0345,0.0824,233.5,0.092774,SUCCESS
5,12,500,ordered_catboost_sim,logistic,5,0.004479,0.0145,0.001,0.0304,0.0362,233.5,0.094945,SUCCESS
5,12,500,ordered_catboost_sim,lightgbm,5,0.004479,0.0145,0.0362,1.0397,1.0808,233.5,0.307877,SUCCESS
5,12,500,ordered_catboost_sim,mlp,5,0.004479,0.0145,0.0161,0.0362,0.0571,233.5,0.162257,SUCCESS
5,12,500,homals,logistic,10,0.004479,0.0741,0.0012,0.0672,0.0931,233.5,0.14438,SUCCESS
5,12,500,homals,lightgbm,10,0.004479,0.0741,0.026,0.8926,0.9432,233.5,0.208165,SUCCESS
5,12,500,homals,mlp,10,0.004479,0.0741,0.0465,0.0749,0.1461,233.5,0.141884,SUCCESS
5,12,5000,label,logistic,5,0.004479,0.0067,0.0016,0.054,0.0578,233.5,0.119628,SUCCESS
5,12,5000,label,lightgbm,5,0.004479,0.0067,0.0719,0.7142,0.7883,233.5,0.055844,SUCCESS
5,12,5000,label,mlp,5,0.004479,0.0067,0.3965,0.06,0.4588,233.5,0.085348,SUCCESS
5,12,5000,onehot,logistic,65,0.004479,0.0055,0.0032,0.0464,0.0514,233.5,0.062253,SUCCESS
5,12,5000,onehot,lightgbm,65,0.004479,0.0055,0.0931,1.1288,1.2237,233.5,0.048062,SUCCESS
5,12,5000,onehot,mlp,65,0.004479,0.0055,0.1919,0.0539,0.2477,233.5,0.063659,SUCCESS
5,12,5000,count,logistic,5,0.004479,0.0051,0.0019,0.0374,0.041,233.5,0.101204,SUCCESS
5,12,5000,count,lightgbm,5,0.004479,0.0051,0.1085,0.6779,0.7881,233.5,0.055403,SUCCESS
5,12,5000,count,mlp,5,0.004479,0.0051,0.3368,0.0351,0.3736,233.5,0.077981,SUCCESS
5,12,5000,hash_column,logistic,60,0.004479,0.0054,0.0045,0.0658,0.0721,233.5,0.078606,SUCCESS
5,12,5000,hash_column,lightgbm,60,0.004479,0.0054,0.1008,1.0808,1.1834,233.5,0.073841,SUCCESS
5,12,5000,hash_column,mlp,60,0.004479,0.0054,0.194,0.0726,0.2683,233.5,0.080144,SUCCESS
5,12,5000,hash_shared,logistic,60,0.004479,0.0053,0.0029,0.065,0.0697,233.5,0.1286,SUCCESS
5,12,5000,hash_shared,lightgbm,60,0.004479,0.0053,0.1067,0.8787,0.9872,233.5,0.151174,SUCCESS
5,12,5000,hash_shared,mlp,60,0.004479,0.0053,0.1826,0.0704,0.2547,233.5,0.13225,SUCCESS
5,12,5000,target,logistic,5,0.004479,0.0245,0.0019,0.0314,0.0414,233.5,0.061159,SUCCESS
5,12,5000,target,lightgbm,5,0.004479,0.0245,0.0762,0.7584,0.8427,233.5,0.065408,SUCCESS
5,12,5000,target,mlp,5,0.004479,0.0245,0.1194,0.0375,0.165,233.5,0.063652,SUCCESS
5,12,5000,woe,logistic,5,0.004479,0.0326,0.0018,0.029,0.0417,233.5,0.061238,SUCCESS
5,12,5000,woe,lightgbm,5,0.004479,0.0326,0.0787,0.7418,0.8314,233.5,0.067199,SUCCESS
5,12,5000,woe,mlp,5,0.004479,0.0326,0.1233,0.0346,0.1688,233.5,0.06058,SUCCESS
5,12,5000,ordered_catboost_sim,logistic,5,0.004479,0.1097,0.0019,0.0314,0.0698,233.5,0.062209,SUCCESS
5,12,5000,ordered_catboost_sim,lightgbm,5,0.004479,0.1097,0.1031,0.7854,0.925,233.5,0.082786,SUCCESS
5,12,5000,ordered_catboost_sim,mlp,5,0.004479,0.1097,0.1196,0.0373,0.1935,233.5,0.064789,SUCCESS
5,12,5000,homals,logistic,10,0.004479,0.4346,0.0021,0.0685,0.2156,233.5,0.104891,SUCCESS
5,12,5000,homals,lightgbm,10,0.004479,0.4346,0.0827,0.7651,0.9927,233.5,0.053489,SUCCESS
5,12,5000,homals,mlp,10,0.004479,0.4346,0.3703,0.0748,0.5899,233.5,0.088468,SUCCESS
5,50,500,label,logistic,5,0.330679,0.0014,0.0011,0.0545,0.056,233.5,0.146584,SUCCESS
5,50,500,label,lightgbm,5,0.330679,0.0014,0.0242,0.9291,0.9538,233.5,0.238645,SUCCESS
5,50,500,label,mlp,5,0.330679,0.0014,0.0164,0.0613,0.0781,233.5,0.165817,SUCCESS
5,50,500,onehot,logistic,233,0.330679,0.001,0.0029,0.0732,0.0764,233.5,0.899018,SUCCESS
5,50,500,onehot,lightgbm,233,0.330679,0.001,0.019,0.8627,0.8821,233.5,0.137057,SUCCESS
5,50,500,onehot,mlp,233,0.330679,0.001,0.0372,0.0805,0.118,233.5,0.229083,SUCCESS
5,50,500,count,logistic,5,0.330679,0.0018,0.001,0.0295,0.0311,233.5,0.117846,SUCCESS
5,50,500,count,lightgbm,5,0.330679,0.0018,0.0232,0.7925,0.8163,233.5,0.206308,SUCCESS
5,50,500,count,mlp,5,0.330679,0.0018,0.0305,0.0374,0.0685,233.5,0.123227,SUCCESS
5,50,500,hash_column,logistic,250,0.330679,0.0011,0.0027,0.101,0.1041,245.3,0.526683,SUCCESS
5,50,500,hash_column,lightgbm,250,0.330679,0.0011,0.0219,0.9495,0.9717,245.5,0.142361,SUCCESS
5,50,500,hash_column,mlp,250,0.330679,0.0011,0.0412,0.1051,0.1467,245.5,0.202235,SUCCESS
5,50,500,hash_shared,logistic,250,0.330679,0.001,0.0019,0.0934,0.0956,245.5,0.232715,SUCCESS
5,50,500,hash_shared,lightgbm,250,0.330679,0.001,0.0219,0.9691,0.9913,245.5,0.246943,SUCCESS
5,50,500,hash_shared,mlp,250,0.330679,0.001,0.0452,0.1029,0.1485,245.5,0.203114,SUCCESS
5,50,500,target,logistic,5,0.330679,0.0155,0.001,0.0319,0.0381,245.5,0.109392,SUCCESS
5,50,500,target,lightgbm,5,0.330679,0.0155,0.0274,0.9323,0.9649,245.5,0.301299,SUCCESS
5,50,500,target,mlp,5,0.330679,0.0155,0.0362,0.0374,0.0788,245.5,0.110935,SUCCESS
5,50,500,woe,logistic,5,0.330679,0.0235,0.001,0.0298,0.0387,245.5,0.122618,SUCCESS
5,50,500,woe,lightgbm,5,0.330679,0.0235,0.0283,1.0282,1.0643,245.5,0.26483,SUCCESS
5,50,500,woe,mlp,5,0.330679,0.0235,0.0275,0.0367,0.072,245.5,0.140157,SUCCESS
5,50,500,ordered_catboost_sim,logistic,5,0.330679,0.0157,0.001,0.0312,0.0375,245.5,0.134165,SUCCESS
5,50,500,ordered_catboost_sim,lightgbm,5,0.330679,0.0157,0.0352,0.9705,1.011,245.5,0.364376,SUCCESS
5,50,500,ordered_catboost_sim,mlp,5,0.330679,0.0157,0.0248,0.0371,0.0671,245.5,0.145854,SUCCESS
5,50,500,homals,logistic,10,0.330679,0.1197,0.0017,0.068,0.1096,245.5,0.185204,SUCCESS
5,50,500,homals,lightgbm,10,0.330679,0.1197,0.0306,1.0111,1.0816,245.5,0.241568,SUCCESS
5,50,500,homals,mlp,10,0.330679,0.1197,0.016,0.0732,0.1291,245.5,0.17712,SUCCESS
5,50,5000,label,logistic,5,0.330679,0.0068,0.0016,0.0548,0.0587,245.5,0.145162,SUCCESS
5,50,5000,label,lightgbm,5,0.330679,0.0068,0.0772,0.8,0.8794,245.5,0.090756,SUCCESS
5,50,5000,label,mlp,5,0.330679,0.0068,0.2701,0.0612,0.3336,245.5,0.130007,SUCCESS
5,50,5000,onehot,logistic,255,0.330679,0.0072,0.0066,0.0832,0.0922,271.7,0.089884,SUCCESS
5,50,5000,onehot,lightgbm,255,0.330679,0.0072,0.1614,2.3014,2.4652,273.2,0.075988,SUCCESS
5,50,5000,onehot,mlp,255,0.330679,0.0072,0.2223,0.0863,0.311,281.5,0.125044,SUCCESS
5,50,5000,count,logistic,5,0.330679,0.0054,0.0018,0.0303,0.0338,281.5,0.114468,SUCCESS
5,50,5000,count,lightgbm,5,0.330679,0.0054,0.0738,0.8662,0.9417,281.5,0.089923,SUCCESS
5,50,5000,count,mlp,5,0.330679,0.0054,0.2084,0.0365,0.2467,281.5,0.106806,SUCCESS
5,50,5000,hash_column,logistic,250,0.330679,0.007,0.0089,0.0936,0.1048,281.5,0.091614,SUCCESS
5,50,5000,hash_column,lightgbm,250,0.330679,0.007,0.1371,2.0164,2.1559,281.5,0.088457,SUCCESS
5,50,5000,hash_column,mlp,250,0.330679,0.007,0.2212,0.1023,0.3259,281.5,0.11422,SUCCESS
5,50,5000,hash_shared,logistic,250,0.330679,0.0076,0.0064,0.0941,0.1031,281.5,0.148956,SUCCESS
5,50,5000,hash_shared,lightgbm,250,0.330679,0.0076,0.1074,1.2253,1.3352,281.5,0.17599,SUCCESS
5,50,5000,hash_shared,mlp,250,0.330679,0.0076,0.1764,0.1041,0.2831,281.5,0.151932,SUCCESS
5,50,5000,target,logistic,5,0.330679,0.0245,0.0018,0.0321,0.0421,281.5,0.074425,SUCCESS
5,50,5000,target,lightgbm,5,0.330679,0.0245,0.0998,0.9382,1.0462,281.5,0.101495,SUCCESS
5,50,5000,target,mlp,5,0.330679,0.0245,0.1187,0.0376,0.1645,281.5,0.082121,SUCCESS
5,50,5000,woe,logistic,5,0.330679,0.0331,0.0019,0.0307,0.0436,281.5,0.077416,SUCCESS
5,50,5000,woe,lightgbm,5,0.330679,0.0331,0.1001,0.9111,1.0221,281.5,0.108952,SUCCESS
5,50,5000,woe,mlp,5,0.330679,0.0331,0.1369,0.037,0.1849,281.5,0.078385,SUCCESS
5,50,5000,ordered_catboost_sim,logistic,5,0.330679,0.1133,0.0018,0.0319,0.0715,281.5,0.077667,SUCCESS
5,50,5000,ordered_catboost_sim,lightgbm,5,0.330679,0.1133,0.1044,0.8714,1.0136,281.5,0.10951,SUCCESS
5,50,5000,ordered_catboost_sim,mlp,5,0.330679,0.1133,0.1241,0.0383,0.2002,281.5,0.080186,SUCCESS
5,50,5000,homals,logistic,10,0.330679,0.7796,0.0022,0.072,0.3341,281.5,0.149074,SUCCESS
5,50,5000,homals,lightgbm,10,0.330679,0.7796,0.0993,0.9766,1.3358,281.5,0.088896,SUCCESS
5,50,5000,homals,mlp,10,0.330679,0.7796,0.4566,0.074,0.7905,281.5,0.142124,SUCCESS
20,4,500,label,logistic,20,0.000285,0.0043,0.0012,0.2039,0.2065,322.1,0.09779,SUCCESS
20,4,500,label,lightgbm,20,0.000285,0.0043,0.0265,0.9301,0.958,322.1,0.223641,SUCCESS
20,4,500,label,mlp,20,0.000285,0.0043,0.0431,0.2087,0.2532,322.1,0.101343,SUCCESS
20,4,500,onehot,logistic,100,0.000285,0.0033,0.0016,0.1669,0.1696,328.9,0.131295,SUCCESS
20,4,500,onehot,lightgbm,100,0.000285,0.0033,0.0295,0.9738,1.0044,329.1,0.181183,SUCCESS
20,4,500,onehot,mlp,100,0.000285,0.0033,0.0404,0.1777,0.2192,329.1,0.112992,SUCCESS
20,4,500,count,logistic,20,0.000285,0.0066,0.0012,0.1066,0.11,329.1,0.092616,SUCCESS
20,4,500,count,lightgbm,20,0.000285,0.0066,0.0271,0.8213,0.8506,329.1,0.211597,SUCCESS
20,4,500,count,mlp,20,0.000285,0.0066,0.0167,0.1115,0.1304,329.1,0.131472,SUCCESS
20,4,500,hash_column,logistic,80,0.000285,0.0021,0.0022,0.2159,0.2188,335.1,0.09675,SUCCESS
20,4,500,hash_column,lightgbm,80,0.000285,0.0021,0.0317,0.9991,1.0315,335.2,0.178957,SUCCESS
20,4,500,hash_column,mlp,80,0.000285,0.0021,0.0426,0.238,0.2812,335.2,0.102728,SUCCESS
20,4,500,hash_shared,logistic,80,0.000285,0.0021,0.0013,0.2175,0.2195,335.2,0.122492,SUCCESS
20,4,500,hash_shared,lightgbm,80,0.000285,0.0021,0.0206,1.1224,1.1438,335.2,0.226009,SUCCESS
20,4,500,hash_shared,mlp,80,0.000285,0.0021,0.0338,0.2269,0.2614,335.2,0.127704,SUCCESS
20,4,500,target,logistic,20,0.000285,0.0548,0.0012,0.115,0.1344,335.2,0.092845,SUCCESS
20,4,500,target,lightgbm,20,0.000285,0.0548,0.0376,0.9219,0.9777,335.2,0.228339,SUCCESS
20,4,500,target,mlp,20,0.000285,0.0548,0.0277,0.1202,0.1662,335.2,0.085647,SUCCESS
20,4,500,woe,logistic,20,0.000285,0.088,0.0012,0.1098,0.1403,335.2,0.093001,SUCCESS
20,4,500,woe,lightgbm,20,0.000285,0.088,0.0396,0.9353,1.0042,335.2,0.256575,SUCCESS
20,4,500,woe,mlp,20,0.000285,0.088,0.0282,0.1121,0.1697,335.2,0.087722,SUCCESS
20,4,500,ordered_catboost_sim,logistic,20,0.000285,0.0599,0.0013,0.1129,0.1342,335.2,0.084269,SUCCESS
20,4,500,ordered_catboost_sim,lightgbm,20,0.000285,0.0599,0.0776,1.0405,1.1381,335.2,0.468236,SUCCESS
20,4,500,ordered_catboost_sim,mlp,20,0.000285,0.0599,0.034,0.119,0.173,335.2,0.082687,SUCCESS
20,4,500,homals,logistic,40,0.000285,0.1643,0.0018,0.26,0.3166,335.2,0.103989,SUCCESS
20,4,500,homals,lightgbm,40,0.000285,0.1643,0.0381,1.0504,1.1432,335.2,0.188824,SUCCESS
20,4,500,homals,mlp,40,0.000285,0.1643,0.0198,0.264,0.3386,335.2,0.153159,SUCCESS
20,4,5000,label,logistic,20,0.000285,0.0259,0.0022,0.2034,0.2142,335.2,0.069784,SUCCESS
20,4,5000,label,lightgbm,20,0.000285,0.0259,0.0955,0.7592,0.8633,335.2,0.036782,SUCCESS
20,4,5000,label,mlp,20,0.000285,0.0259,0.1337,0.2075,0.3498,335.2,0.083008,SUCCESS
20,4,5000,onehot,logistic,100,0.000285,0.021,0.0036,0.1629,0.1735,335.2,0.05811,SUCCESS
20,4,5000,onehot,lightgbm,100,0.000285,0.021,0.1059,0.7614,0.8742,335.2,0.038463,SUCCESS
20,4,5000,onehot,mlp,100,0.000285,0.021,0.2091,0.1703,0.3863,335.2,0.069144,SUCCESS
20,4,5000,count,logistic,20,0.000285,0.0198,0.0021,0.1061,0.1148,335.2,0.068369,SUCCESS
20,4,5000,count,lightgbm,20,0.000285,0.0198,0.0997,0.6847,0.791,335.2,0.036292,SUCCESS
20,4,5000,count,mlp,20,0.000285,0.0198,0.2085,0.1136,0.3287,335.2,0.074468,SUCCESS
20,4,5000,hash_column,logistic,80,0.000285,0.02,0.0057,0.2146,0.227,335.2,0.058358,SUCCESS
20,4,5000,hash_column,lightgbm,80,0.000285,0.02,0.1266,0.9217,1.055,335.2,0.056005,SUCCESS
20,4,5000,hash_column,mlp,80,0.000285,0.02,0.248,0.2243,0.479,335.2,0.080108,SUCCESS
20,4,5000,hash_shared,logistic,80,0.000285,0.0206,0.0036,0.2186,0.229,335.2,0.11693,SUCCESS
20,4,5000,hash_shared,lightgbm,80,0.000285,0.0206,0.0828,1.1769,1.2666,335.2,0.139279,SUCCESS
20,4,5000,hash_shared,mlp,80,0.000285,0.0206,0.1438,0.2257,0.3763,335.2,0.118906,SUCCESS
20,4,5000,target,logistic,20,0.000285,0.0864,0.0026,0.1128,0.1441,335.2,0.054942,SUCCESS
20,4,5000,target,lightgbm,20,0.000285,0.0864,0.1202,0.7966,0.9457,335.2,0.038384,SUCCESS
20,4,5000,target,mlp,20,0.000285,0.0864,0.1342,0.1193,0.2823,335.2,0.062143,SUCCESS
20,4,5000,woe,logistic,20,0.000285,0.1183,0.0022,0.1069,0.1485,335.2,0.054726,SUCCESS
20,4,5000,woe,lightgbm,20,0.000285,0.1183,0.1235,0.9481,1.111,335.2,0.038077,SUCCESS
20,4,5000,woe,mlp,20,0.000285,0.1183,0.1495,0.1169,0.3058,335.2,0.05975,SUCCESS
20,4,5000,ordered_catboost_sim,logistic,20,0.000285,0.4317,0.0028,0.1136,0.2603,335.2,0.054826,SUCCESS
20,4,5000,ordered_catboost_sim,lightgbm,20,0.000285,0.4317,0.2737,0.926,1.3436,335.2,0.033183,SUCCESS
20,4,5000,ordered_catboost_sim,mlp,20,0.000285,0.4317,0.126,0.1221,0.392,335.2,0.061583,SUCCESS
20,4,5000,homals,logistic,40,0.000285,1.5033,0.0043,0.2628,0.7681,335.2,0.081024,SUCCESS
20,4,5000,homals,lightgbm,40,0.000285,1.5033,0.1544,0.8489,1.5044,335.2,0.041073,SUCCESS
20,4,5000,homals,mlp,40,0.000285,1.5033,0.3629,0.27,1.1341,335.2,0.149233,SUCCESS
20,12,500,label,logistic,20,0.003508,0.0044,0.0011,0.208,0.2105,335.2,0.140802,SUCCESS
20,12,500,label,lightgbm,20,0.003508,0.0044,0.0322,0.9997,1.0333,335.2,0.258107,SUCCESS
20,12,500,label,mlp,20,0.003508,0.0044,0.0176,0.219,0.2381,335.2,0.162899,SUCCESS
20,12,500,onehot,logistic,260,0.003508,0.0033,0.0028,0.1986,0.2025,335.2,1.065089,SUCCESS
20,12,500,onehot,lightgbm,260,0.003508,0.0033,0.0344,1.3485,1.3839,335.2,0.199805,SUCCESS
20,12,500,onehot,mlp,260,0.003508,0.0033,0.0335,0.2162,0.2509,335.2,0.163894,SUCCESS
20,12,500,count,logistic,20,0.003508,0.0068,0.0013,0.1152,0.1188,335.2,0.130717,SUCCESS
20,12,500,count,lightgbm,20,0.003508,0.0068,0.034,0.8802,0.9165,335.2,0.249633,SUCCESS
20,12,500,count,mlp,20,0.003508,0.0068,0.0177,0.1121,0.1321,335.2,0.136504,SUCCESS
20,12,500,hash_column,logistic,240,0.003508,0.0027,0.0026,0.2551,0.2586,335.2,0.407809,SUCCESS
20,12,500,hash_column,lightgbm,240,0.003508,0.0027,0.036,1.3007,1.3376,335.2,0.208854,SUCCESS
20,12,500,hash_column,mlp,240,0.003508,0.0027,0.0258,0.2611,0.2877,335.2,0.172809,SUCCESS
20,12,500,hash_shared,logistic,240,0.003508,0.0025,0.0016,0.2797,0.282,335.2,0.146342,SUCCESS
20,12,500,hash_shared,lightgbm,240,0.003508,0.0025,0.0257,1.105,1.1316,335.2,0.283254,SUCCESS
20,12,500,hash_shared,mlp,240,0.003508,0.0025,0.0328,0.2896,0.3232,335.2,0.1413,SUCCESS
20,12,500,target,logistic,20,0.003508,0.0576,0.0014,0.116,0.1366,335.2,0.100486,SUCCESS
20,12,500,target,lightgbm,20,0.003508,0.0576,0.0471,0.9955,1.0618,335.2,0.29149,SUCCESS
20,12,500,target,mlp,20,0.003508,0.0576,0.0196,0.1232,0.162,335.2,0.126586,SUCCESS
20,12,500,woe,logistic,20,0.003508,0.0899,0.0012,0.1116,0.1428,335.2,0.107994,SUCCESS
20,12,500,woe,lightgbm,20,0.003508,0.0899,0.0483,1.0809,1.1592,335.2,0.287337,SUCCESS
20,12,500,woe,mlp,20,0.003508,0.0899,0.0455,0.1133,0.1888,335.2,0.119684,SUCCESS
20,12,500,ordered_catboost_sim,logistic,20,0.003508,0.0616,0.0012,0.114,0.1357,335.2,0.103761,SUCCESS
20,12,500,ordered_catboost_sim,lightgbm,20,0.003508,0.0616,0.0807,1.0162,1.1175,335.2,0.346099,SUCCESS
20,12,500,ordered_catboost_sim,mlp,20,0.003508,0.0616,0.0461,0.1181,0.1848,335.2,0.129796,SUCCESS
20,12,500,homals,logistic,40,0.003508,0.2446,0.0014,0.2672,0.3502,335.2,0.151621,SUCCESS
20,12,500,homals,lightgbm,40,0.003508,0.2446,0.0508,1.1965,1.3288,335.2,0.240866,SUCCESS
20,12,500,homals,mlp,40,0.003508,0.2446,0.0299,0.2695,0.381,335.2,0.160632,SUCCESS
20,12,5000,label,logistic,20,0.003508,0.0269,0.002,0.2111,0.222,335.2,0.120742,SUCCESS
20,12,5000,label,lightgbm,20,0.003508,0.0269,0.1137,0.8756,0.9983,335.2,0.065626,SUCCESS
20,12,5000,label,mlp,20,0.003508,0.0269,0.3255,0.2214,0.5559,335.2,0.142294,SUCCESS
20,12,5000,onehot,logistic,260,0.003508,0.0251,0.0094,0.193,0.2108,335.2,0.081799,SUCCESS
20,12,5000,onehot,lightgbm,260,0.003508,0.0251,0.1457,1.2611,1.4151,335.2,0.062369,SUCCESS
20,12,5000,onehot,mlp,260,0.003508,0.0251,0.2391,0.1973,0.4447,335.2,0.146705,SUCCESS
20,12,5000,count,logistic,20,0.003508,0.02,0.0023,0.1059,0.1148,335.2,0.102425,SUCCESS
20,12,5000,count,lightgbm,20,0.003508,0.02,0.1126,0.821,0.9402,335.2,0.065146,SUCCESS
20,12,5000,count,mlp,20,0.003508,0.02,0.2338,0.1128,0.3533,335.2,0.11023,SUCCESS
20,12,5000,hash_column,logistic,240,0.003508,0.0216,0.0079,0.2503,0.2654,335.2,0.086585,SUCCESS
20,12,5000,hash_column,lightgbm,240,0.003508,0.0216,0.1444,1.162,1.3136,335.2,0.076107,SUCCESS
20,12,5000,hash_column,mlp,240,0.003508,0.0216,0.2443,0.2657,0.5172,335.2,0.129006,SUCCESS
20,12,5000,hash_shared,logistic,240,0.003508,0.022,0.006,0.2498,0.2632,335.2,0.139218,SUCCESS
20,12,5000,hash_shared,lightgbm,240,0.003508,0.022,0.1125,1.0154,1.1352,335.2,0.177387,SUCCESS
20,12,5000,hash_shared,mlp,240,0.003508,0.022,0.1723,0.2652,0.4448,335.2,0.140868,SUCCESS
20,12,5000,target,logistic,20,0.003508,0.0872,0.0024,0.1127,0.1442,335.2,0.062931,SUCCESS
20,12,5000,target,lightgbm,20,0.003508,0.0872,0.1494,0.9079,1.0863,335.2,0.077605,SUCCESS
20,12,5000,target,mlp,20,0.003508,0.0872,0.19,0.1175,0.3365,335.2,0.071514,SUCCESS
20,12,5000,woe,logistic,20,0.003508,0.1176,0.0021,0.1062,0.1475,335.2,0.06268,SUCCESS
20,12,5000,woe,lightgbm,20,0.003508,0.1176,0.1575,0.8962,1.0929,335.2,0.077323,SUCCESS
20,12,5000,woe,mlp,20,0.003508,0.1176,0.1956,0.1107,0.3455,335.2,0.07123,SUCCESS
20,12,5000,ordered_catboost_sim,logistic,20,0.003508,0.4342,0.0025,0.1112,0.2585,335.2,0.061126,SUCCESS
20,12,5000,ordered_catboost_sim,lightgbm,20,0.003508,0.4342,0.2763,0.9178,1.3388,335.2,0.083753,SUCCESS
20,12,5000,ordered_catboost_sim,mlp,20,0.003508,0.4342,0.1625,0.1217,0.4289,335.2,0.066741,SUCCESS
20,12,5000,homals,logistic,40,0.003508,1.5809,0.0036,0.2607,0.7913,335.2,0.13607,SUCCESS
20,12,5000,homals,lightgbm,40,0.003508,1.5809,0.1723,1.0157,1.7151,335.2,0.066073,SUCCESS
20,12,5000,homals,mlp,40,0.003508,1.5809,0.2793,0.2726,1.0789,335.2,0.180927,SUCCESS
20,50,500,label,logistic,20,0.329787,0.0049,0.0012,0.2093,0.2121,335.2,0.169059,SUCCESS
20,50,500,label,lightgbm,20,0.329787,0.0049,0.0434,1.0047,1.0497,335.2,0.292681,SUCCESS
20,50,500,label,mlp,20,0.329787,0.0049,0.0263,0.2987,0.3266,385.3,0.168619,SUCCESS
20,50,500,onehot,logistic,948,0.329787,0.0048,0.005,0.3442,0.3508,528.7,1.146141,SUCCESS
20,50,500,onehot,lightgbm,948,0.329787,0.0048,0.0342,1.3993,1.4351,529.8,0.230345,SUCCESS
20,50,500,onehot,mlp,948,0.329787,0.0048,0.0665,0.3151,0.3832,529.8,0.380851,SUCCESS
20,50,500,count,logistic,20,0.329787,0.0066,0.0011,0.1134,0.1167,529.8,0.141008,SUCCESS
20,50,500,count,lightgbm,20,0.329787,0.0066,0.036,0.839,0.8772,529.8,0.26296,SUCCESS
20,50,500,count,mlp,20,0.329787,0.0066,0.0277,0.1195,0.1493,529.8,0.147202,SUCCESS
20,50,500,hash_column,logistic,1000,0.329787,0.0038,0.0051,0.4152,0.4215,680.2,1.487186,SUCCESS
20,50,500,hash_column,lightgbm,1000,0.329787,0.0038,0.0357,1.4726,1.5096,680.2,0.238663,SUCCESS
20,50,500,hash_column,mlp,1000,0.329787,0.0038,0.0678,0.3957,0.4648,680.2,0.378267,SUCCESS
20,50,500,hash_shared,logistic,1000,0.329787,0.0037,0.0031,0.3692,0.3736,684.1,0.223092,SUCCESS
20,50,500,hash_shared,lightgbm,1000,0.329787,0.0037,0.0313,1.3137,1.3462,684.1,0.329915,SUCCESS
20,50,500,hash_shared,mlp,1000,0.329787,0.0037,0.0696,0.3887,0.4596,684.1,0.180337,SUCCESS
20,50,500,target,logistic,20,0.329787,0.0549,0.0012,0.122,0.1415,684.1,0.122287,SUCCESS
20,50,500,target,lightgbm,20,0.329787,0.0549,0.051,0.9642,1.0335,684.1,0.310505,SUCCESS
20,50,500,target,mlp,20,0.329787,0.0549,0.073,0.1406,0.2319,684.1,0.133097,SUCCESS
20,50,500,woe,logistic,20,0.329787,0.0957,0.0015,0.1381,0.1715,684.1,0.174981,SUCCESS
20,50,500,woe,lightgbm,20,0.329787,0.0957,0.0533,1.0471,1.1323,684.1,0.40199,SUCCESS
20,50,500,woe,mlp,20,0.329787,0.0957,0.0218,0.1474,0.2011,684.1,0.146279,SUCCESS
20,50,500,ordered_catboost_sim,logistic,20,0.329787,0.0635,0.0013,0.1508,0.1733,684.1,0.161734,SUCCESS
20,50,500,ordered_catboost_sim,lightgbm,20,0.329787,0.0635,0.085,0.9551,1.0613,684.1,0.321678,SUCCESS
20,50,500,ordered_catboost_sim,mlp,20,0.329787,0.0635,0.0191,0.1265,0.1668,684.1,0.152183,SUCCESS
20,50,500,homals,logistic,40,0.329787,0.4351,0.0021,0.2856,0.4327,684.1,0.30044,SUCCESS
20,50,500,homals,lightgbm,40,0.329787,0.4351,0.065,1.0906,1.3006,684.1,0.29364,SUCCESS
20,50,500,homals,mlp,40,0.329787,0.4351,0.0249,0.2705,0.4404,684.1,0.236534,SUCCESS
20,50,5000,label,logistic,20,0.329787,0.0269,0.0019,0.2066,0.2174,684.1,0.147533,SUCCESS
20,50,5000,label,lightgbm,20,0.329787,0.0269,0.1447,0.9184,1.0721,684.1,0.105083,SUCCESS
20,50,5000,label,mlp,20,0.329787,0.0269,0.247,0.2152,0.4712,684.1,0.165712,SUCCESS
20,50,5000,onehot,logistic,1020,0.329787,0.0295,0.0434,0.3481,0.4013,688.2,0.265807,SUCCESS
20,50,5000,onehot,lightgbm,1020,0.329787,0.0295,0.2958,2.587,2.8926,688.2,0.103119,SUCCESS
20,50,5000,onehot,mlp,1020,0.329787,0.0295,0.7131,0.3387,1.0616,693.1,1.313424,SUCCESS
20,50,5000,count,logistic,20,0.329787,0.0222,0.0023,0.1185,0.1283,693.2,0.11694,SUCCESS
20,50,5000,count,lightgbm,20,0.329787,0.0222,0.1293,0.9512,1.0879,693.4,0.107966,SUCCESS
20,50,5000,count,mlp,20,0.329787,0.0222,0.139,0.122,0.2683,693.4,0.123818,SUCCESS
20,50,5000,hash_column,logistic,1000,0.329787,0.0284,0.0477,0.3636,0.4208,693.4,0.172885,SUCCESS
20,50,5000,hash_column,lightgbm,1000,0.329787,0.0284,0.2546,2.0971,2.3611,693.4,0.110278,SUCCESS
20,50,5000,hash_column,mlp,1000,0.329787,0.0284,0.4314,0.4188,0.8596,693.8,0.200061,SUCCESS
20,50,5000,hash_shared,logistic,1000,0.329787,0.0315,0.0332,0.3846,0.4283,806.2,0.156635,SUCCESS
20,50,5000,hash_shared,lightgbm,1000,0.329787,0.0315,0.1302,1.3099,1.4506,806.2,0.188582,SUCCESS
20,50,5000,hash_shared,mlp,1000,0.329787,0.0315,0.4214,0.4215,0.8534,806.2,0.166872,SUCCESS
20,50,5000,target,logistic,20,0.329787,0.0878,0.0021,0.1315,0.1629,806.2,0.078925,SUCCESS
20,50,5000,target,lightgbm,20,0.329787,0.0878,0.2361,1.0587,1.3241,806.2,0.112977,SUCCESS
20,50,5000,target,mlp,20,0.329787,0.0878,0.1532,0.1341,0.3166,806.2,0.088024,SUCCESS
20,50,5000,woe,logistic,20,0.329787,0.1242,0.0025,0.1255,0.1694,806.2,0.082255,SUCCESS
20,50,5000,woe,lightgbm,20,0.329787,0.1242,0.2549,1.1012,1.3975,806.2,0.116073,SUCCESS
20,50,5000,woe,mlp,20,0.329787,0.1242,0.1849,0.1219,0.3482,806.2,0.093065,SUCCESS
20,50,5000,ordered_catboost_sim,logistic,20,0.329787,0.4564,0.0023,0.1219,0.2763,806.2,0.081851,SUCCESS
20,50,5000,ordered_catboost_sim,lightgbm,20,0.329787,0.4564,0.3048,0.9706,1.4276,806.2,0.117217,SUCCESS
20,50,5000,ordered_catboost_sim,mlp,20,0.329787,0.4564,0.1531,0.1267,0.432,806.2,0.089034,SUCCESS
20,50,5000,homals,logistic,40,0.329787,3.5358,0.0029,0.2774,1.4589,806.2,0.149747,SUCCESS
20,50,5000,homals,lightgbm,40,0.329787,3.5358,0.2343,1.2527,2.6656,806.2,0.105134,SUCCESS
20,50,5000,homals,mlp,40,0.329787,3.5358,0.1702,0.2753,1.6241,806.2,0.165349,SUCCESS
